strike,last,mark,bid,bid_size,ask,ask_size,volume,open_interest,implied_volatility,delta,gamma,theta,vega,rho
115.0,140.8,138.55,137.1,90,140.0,87,0,115.0,0.24422,0.56469,0.0366,-0.20886,0.17338,0.04164
115.0,0.0,0.01,0.0,0,0.2,105,0,115.0,0.24422,0.56469,0.0366,-0.20886,0.17338,0.04164
120.0,135.55,133.57,132.05,87,135.1,87,0,120.0,0.36342,-0.94589,0.01138,-0.10207,0.02916,-0.02809
120.0,0.0,0.01,0.0,0,0.2,104,0,120.0,0.36342,-0.94589,0.01138,-0.10207,0.02916,-0.02809
130.0,125.6,123.57,122.1,77,125.05,77,0,130.0,0.1491,0.97553,0.00117,-0.02246,0.18872,2.85477
130.0,0.0,0.01,0.0,0,0.02,8,0,130.0,0.1491,0.97553,0.00117,-0.02246,0.18872,2.85477
145.0,0.0,108.62,107.2,87,110.05,77,0,145.0,0.21038,-0.55541,0.01728,-0.04934,0.42943,-0.27971
145.0,0.0,108.62,107.2,87,110.05,77,0,145.0,0.2276,0.47628,0.00532,-0.03587,1.30927,1.63717
145.0,0.0,0.01,0.0,0,0.02,8,0,145.0,0.21038,-0.55541,0.01728,-0.04934,0.42943,-0.27971
145.0,0.0,0.01,0.0,0,0.02,8,0,145.0,0.2276,0.47628,0.00532,-0.03587,1.30927,1.63717
150.0,105.8,103.6,101.95,83,105.25,83,0,150.0,0.86127,-0.0015,0.00021,-0.01387,0.00129,-4e-05
150.0,0.0,0.01,0.0,0,0.02,8,0,150.0,0.86127,-0.0015,0.00021,-0.01387,0.00129,-4e-05
155.0,100.4,98.72,97.4,78,100.05,78,0,155.0,0.60778,0.00215,0.00042,-0.0137,0.0018,6e-05
155.0,0.0,0.01,0.0,0,0.02,8,0,155.0,0.60778,0.00215,0.00042,-0.0137,0.0018,6e-05
160.0,0.0,93.57,92.05,81,95.1,83,0,160.0,0.33339,-0.14786,0.00295,-0.02367,0.54164,-0.37963
160.0,0.0,0.01,0.0,0,0.02,8,0,160.0,0.33339,-0.14786,0.00295,-0.02367,0.54164,-0.37963
165.0,84.6,88.45,87.75,81,89.15,10,0,165.0,0.3561,-0.0827,0.0013,-0.01143,0.50116,-0.44305
165.0,0.0,0.01,0.0,0,0.02,8,0,165.0,0.3561,-0.0827,0.0013,-0.01143,0.50116,-0.44305
170.0,73.87,83.62,82.05,76,85.2,76,0,170.0,0.23492,0.07937,0.003,-0.0168,0.30964,0.12617
170.0,73.87,83.62,82.05,76,85.2,76,0,170.0,0.29986,-0.3726,0.00538,-0.02891,0.88759,-0.99046
170.0,0.0,0.01,0.0,0,0.03,8,0,170.0,0.23492,0.07937,0.003,-0.0168,0.30964,0.12617
170.0,0.0,0.01,0.0,0,0.03,8,0,170.0,0.29986,-0.3726,0.00538,-0.02891,0.88759,-0.99046
175.0,80.55,78.45,76.8,75,80.1,75,0,175.0,0.22028,-0.77789,0.0163,-0.04426,0.24689,-0.22936
175.0,0.0,0.01,0.0,0,0.16,81,0,175.0,0.22028,-0.77789,0.0163,-0.04426,0.24689,-0.22936
195.0,60.2,58.62,57.25,76,60.0,76,0,195.0,0.33263,-0.00051,3e-05,-0.00024,0.00377,-0.00095
195.0,0.01,0.01,0.0,0,0.3,318,1,195.0,0.33263,-0.00051,3e-05,-0.00024,0.00377,-0.00095
200.0,53.05,54.15,53.75,2,54.55,40,14,200.0,0.24757,-0.34724,0.03387,-0.17228,0.16265,-0.02733
200.0,53.05,54.15,53.75,2,54.55,40,14,200.0,0.29696,-0.482,0.00572,-0.02625,0.93476,-1.31382
200.0,0.01,0.01,0.01,25,0.02,4,312,200.0,0.24757,-0.34724,0.03387,-0.17228,0.16265,-0.02733
200.0,0.01,0.01,0.01,25,0.02,4,312,200.0,0.29696,-0.482,0.00572,-0.02625,0.93476,-1.31382
215.0,37.25,38.8,37.95,52,39.65,42,12,215.0,0.21205,0.05734,0.00654,-0.02759,0.09532,0.01509
215.0,37.25,38.8,37.95,52,39.65,42,12,215.0,0.28781,-0.31327,0.00738,-0.04317,0.59153,-0.39065
215.0,37.25,38.8,37.95,52,39.65,42,12,215.0,0.46418,-0.01722,0.00044,-0.00772,0.08931,-0.03451
215.0,0.03,0.05,0.01,1,0.09,201,9,215.0,0.21205,0.05734,0.00654,-0.02759,0.09532,0.01509
215.0,0.03,0.05,0.01,1,0.09,201,9,215.0,0.28781,-0.31327,0.00738,-0.04317,0.59153,-0.39065
215.0,0.03,0.05,0.01,1,0.09,201,9,215.0,0.46418,-0.01722,0.00044,-0.00772,0.08931,-0.03451
220.0,31.0,33.88,33.05,25,34.7,33,12,220.0,0.25382,0.61159,0.00905,-0.06728,0.63966,0.58029
220.0,31.0,33.88,33.05,25,34.7,33,12,220.0,0.33705,-0.13159,0.0027,-0.02235,0.50035,-0.33691
220.0,0.01,0.03,0.02,1,0.03,8,29,220.0,0.25382,0.61159,0.00905,-0.06728,0.63966,0.58029
220.0,0.01,0.03,0.02,1,0.03,8,29,220.0,0.33705,-0.13159,0.0027,-0.02235,0.50035,-0.33691
230.0,23.15,23.95,23.8,1,24.1,10,18,230.0,0.28964,-0.27585,0.00691,-0.04174,0.55778,-0.34231
230.0,0.04,0.06,0.04,10,0.08,62,50,230.0,0.28964,-0.27585,0.00691,-0.04174,0.55778,-0.34231
240.0,14.0,14.27,13.85,12,14.7,22,29,240.0,0.23812,0.29387,0.03284,-0.1728,0.15169,0.0219
240.0,14.0,14.27,13.85,12,14.7,22,29,240.0,0.2241,0.48576,0.03158,-0.15388,0.22461,0.05847
240.0,0.21,0.23,0.1,131,0.37,5,755,240.0,0.23812,0.29387,0.03284,-0.1728,0.15169,0.0219
240.0,0.21,0.23,0.1,131,0.37,5,755,240.0,0.2241,0.48576,0.03158,-0.15388,0.22461,0.05847
250.0,5.22,5.4,5.25,76,5.55,23,684,250.0,0.243,0.06408,0.0022,-0.01321,0.29411,0.12645
250.0,1.6,1.54,1.45,63,1.62,1,477,250.0,0.243,0.06408,0.0022,-0.01321,0.29411,0.12645
255.0,2.4,2.5,2.35,66,2.65,115,1854,255.0,0.22669,0.52334,0.00534,-0.03678,1.30934,1.77971
255.0,3.8,3.62,3.5,19,3.75,77,109,255.0,0.22669,0.52334,0.00534,-0.03678,1.30934,1.77971
275.0,0.03,0.01,0.0,0,0.1,1,5,275.0,0.49909,-0.00034,1e-05,-0.00025,0.00257,-0.00065
275.0,22.95,21.4,21.0,17,21.8,15,5,275.0,0.49909,-0.00034,1e-05,-0.00025,0.00257,-0.00065
285.0,0.05,0.01,0.0,0,0.1,18,3,285.0,0.29208,0.00148,0.0002,-0.00154,0.00401,0.00039
285.0,0.0,31.82,30.6,56,33.05,74,0,285.0,0.29208,0.00148,0.0002,-0.00154,0.00401,0.00039
290.0,0.03,0.01,0.0,0,0.03,1,1,290.0,0.32653,-0.20325,0.00263,-0.01683,0.92934,-1.1217
290.0,0.0,36.5,34.95,71,38.05,71,0,290.0,0.32653,-0.20325,0.00263,-0.01683,0.92934,-1.1217
330.0,0.04,0.01,0.0,0,0.02,8,0,330.0,0.37912,-0.02807,0.00156,-0.0189,0.06999,-0.01394
330.0,0.0,76.7,75.6,57,77.8,79,0,330.0,0.37912,-0.02807,0.00156,-0.0189,0.06999,-0.01394
335.0,0.9,0.01,0.0,0,0.02,8,0,335.0,0.37714,-0.03935,0.00207,-0.02474,0.09241,-0.01959
335.0,0.9,0.01,0.0,0,0.02,8,0,335.0,0.30961,-0.20458,0.00605,-0.04431,0.42965,-0.20587
335.0,0.0,81.8,80.5,64,83.1,73,0,335.0,0.37714,-0.03935,0.00207,-0.02474,0.09241,-0.01959
335.0,0.0,81.8,80.5,64,83.1,73,0,335.0,0.30961,-0.20458,0.00605,-0.04431,0.42965,-0.20587
345.0,0.2,0.01,0.0,0,0.4,109,0,345.0,0.22669,0.67159,0.00485,-0.03741,1.18831,2.18564
345.0,0.0,91.95,90.5,71,93.4,79,0,345.0,0.22669,0.67159,0.00485,-0.03741,1.18831,2.18564
350.0,0.07,0.01,0.0,0,1.06,96,0,350.0,0.22089,0.30101,0.00479,-0.02826,1.14483,1.08024
350.0,0.0,96.47,94.95,81,98.0,81,0,350.0,0.22089,0.30101,0.00479,-0.02826,1.14483,1.08024
130.0,0.0,123.67,122.1,71,125.25,71,0,130.0,0.1491,0.97553,0.00117,-0.02246,0.18872,2.85477
130.0,0.0,0.01,0.0,0,0.16,74,0,130.0,0.1491,0.97553,0.00117,-0.02246,0.18872,2.85477
145.0,0.0,108.9,107.45,71,110.35,74,0,145.0,0.21038,-0.55541,0.01728,-0.04934,0.42943,-0.27971
145.0,0.0,108.9,107.45,71,110.35,74,0,145.0,0.2276,0.47628,0.00532,-0.03587,1.30927,1.63717
145.0,0.0,0.01,0.0,0,0.83,84,0,145.0,0.21038,-0.55541,0.01728,-0.04934,0.42943,-0.27971
145.0,0.0,0.01,0.0,0,0.83,84,0,145.0,0.2276,0.47628,0.00532,-0.03587,1.30927,1.63717
150.0,0.0,103.72,102.2,74,105.25,74,0,150.0,0.86127,-0.0015,0.00021,-0.01387,0.00129,-4e-05
150.0,0.0,0.01,0.0,0,1.27,77,0,150.0,0.86127,-0.0015,0.00021,-0.01387,0.00129,-4e-05
155.0,94.38,98.7,97.35,71,100.05,61,0,155.0,0.60778,0.00215,0.00042,-0.0137,0.0018,6e-05
155.0,0.0,0.01,0.0,0,1.09,87,0,155.0,0.60778,0.00215,0.00042,-0.0137,0.0018,6e-05
160.0,89.75,93.72,92.45,74,95.0,60,1,160.0,0.33339,-0.14786,0.00295,-0.02367,0.54164,-0.37963
160.0,0.0,0.01,0.0,0,1.27,75,0,160.0,0.33339,-0.14786,0.00295,-0.02367,0.54164,-0.37963
165.0,90.15,88.72,87.4,75,90.05,75,0,165.0,0.3561,-0.0827,0.0013,-0.01143,0.50116,-0.44305
165.0,0.0,0.01,0.0,0,0.77,247,0,165.0,0.3561,-0.0827,0.0013,-0.01143,0.50116,-0.44305
170.0,0.0,83.72,82.1,75,85.35,71,0,170.0,0.23492,0.07937,0.003,-0.0168,0.30964,0.12617
170.0,0.0,83.72,82.1,75,85.35,71,0,170.0,0.29986,-0.3726,0.00538,-0.02891,0.88759,-0.99046
170.0,0.0,0.01,0.0,0,1.0,88,0,170.0,0.23492,0.07937,0.003,-0.0168,0.30964,0.12617
170.0,0.0,0.01,0.0,0,1.0,88,0,170.0,0.29986,-0.3726,0.00538,-0.02891,0.88759,-0.99046
175.0,0.0,78.92,77.5,71,80.35,71,0,175.0,0.22028,-0.77789,0.0163,-0.04426,0.24689,-0.22936
175.0,0.0,0.01,0.0,0,1.23,87,0,175.0,0.22028,-0.77789,0.0163,-0.04426,0.24689,-0.22936
195.0,0.0,58.8,57.15,71,60.45,74,0,195.0,0.33263,-0.00051,3e-05,-0.00024,0.00377,-0.00095
195.0,0.0,0.01,0.0,0,0.3,292,0,195.0,0.33263,-0.00051,3e-05,-0.00024,0.00377,-0.00095
200.0,56.55,53.8,52.2,74,55.4,74,0,200.0,0.24757,-0.34724,0.03387,-0.17228,0.16265,-0.02733
200.0,56.55,53.8,52.2,74,55.4,74,0,200.0,0.29696,-0.482,0.00572,-0.02625,0.93476,-1.31382
200.0,0.0,0.01,0.0,0,0.18,302,0,200.0,0.24757,-0.34724,0.03387,-0.17228,0.16265,-0.02733
200.0,0.0,0.01,0.0,0,0.18,302,0,200.0,0.29696,-0.482,0.00572,-0.02625,0.93476,-1.31382
215.0,40.55,39.05,38.2,45,39.9,24,0,215.0,0.21205,0.05734,0.00654,-0.02759,0.09532,0.01509
215.0,40.55,39.05,38.2,45,39.9,24,0,215.0,0.28781,-0.31327,0.00738,-0.04317,0.59153,-0.39065
215.0,40.55,39.05,38.2,45,39.9,24,0,215.0,0.46418,-0.01722,0.00044,-0.00772,0.08931,-0.03451
215.0,0.06,0.3,0.03,86,0.57,378,2,215.0,0.21205,0.05734,0.00654,-0.02759,0.09532,0.01509
215.0,0.06,0.3,0.03,86,0.57,378,2,215.0,0.28781,-0.31327,0.00738,-0.04317,0.59153,-0.39065
215.0,0.06,0.3,0.03,86,0.57,378,2,215.0,0.46418,-0.01722,0.00044,-0.00772,0.08931,-0.03451
220.0,31.1,34.17,33.6,15,34.75,14,7,220.0,0.25382,0.61159,0.00905,-0.06728,0.63966,0.58029
220.0,31.1,34.17,33.6,15,34.75,14,7,220.0,0.33705,-0.13159,0.0027,-0.02235,0.50035,-0.33691
220.0,0.09,0.09,0.05,4,0.13,62,1,220.0,0.25382,0.61159,0.00905,-0.06728,0.63966,0.58029
220.0,0.09,0.09,0.05,4,0.13,62,1,220.0,0.33705,-0.13159,0.0027,-0.02235,0.50035,-0.33691
230.0,20.81,24.27,23.8,16,24.75,27,2,230.0,0.28964,-0.27585,0.00691,-0.04174,0.55778,-0.34231
230.0,0.29,0.51,0.25,3,0.77,524,11,230.0,0.28964,-0.27585,0.00691,-0.04174,0.55778,-0.34231
240.0,11.4,14.82,14.65,74,15.0,14,0,240.0,0.23812,0.29387,0.03284,-0.1728,0.15169,0.0219
240.0,11.4,14.82,14.65,74,15.0,14,0,240.0,0.2241,0.48576,0.03158,-0.15388,0.22461,0.05847
240.0,0.84,0.75,0.68,32,0.82,12,25,240.0,0.23812,0.29387,0.03284,-0.1728,0.15169,0.0219
240.0,0.84,0.75,0.68,32,0.82,12,25,240.0,0.2241,0.48576,0.03158,-0.15388,0.22461,0.05847
250.0,6.7,6.67,6.55,139,6.8,20,145,250.0,0.243,0.06408,0.0022,-0.01321,0.29411,0.12645
250.0,2.94,2.6,2.52,67,2.69,33,133,250.0,0.243,0.06408,0.0022,-0.01321,0.29411,0.12645
255.0,3.63,3.7,3.6,117,3.8,27,475,255.0,0.22669,0.52334,0.00534,-0.03678,1.30934,1.77971
255.0,5.2,4.62,4.5,99,4.75,67,26,255.0,0.22669,0.52334,0.00534,-0.03678,1.30934,1.77971
275.0,0.1,0.01,0.0,0,0.63,286,1,275.0,0.49909,-0.00034,1e-05,-0.00025,0.00257,-0.00065
275.0,0.0,21.35,20.9,13,21.8,15,0,275.0,0.49909,-0.00034,1e-05,-0.00025,0.00257,-0.00065
285.0,0.21,0.01,0.0,0,0.9,292,0,285.0,0.29208,0.00148,0.0002,-0.00154,0.00401,0.00039
285.0,0.0,31.42,30.05,75,32.8,75,0,285.0,0.29208,0.00148,0.0002,-0.00154,0.00401,0.00039
290.0,0.11,0.01,0.0,0,0.7,216,2,290.0,0.32653,-0.20325,0.00263,-0.01683,0.92934,-1.1217
290.0,44.6,36.25,34.95,71,37.55,71,1,290.0,0.32653,-0.20325,0.00263,-0.01683,0.92934,-1.1217
330.0,0.01,0.01,0.0,0,0.04,1,0,330.0,0.37912,-0.02807,0.00156,-0.0189,0.06999,-0.01394
330.0,0.0,76.32,74.85,71,77.8,71,0,330.0,0.37912,-0.02807,0.00156,-0.0189,0.06999,-0.01394
130.0,0.0,123.75,122.25,74,125.25,74,0,130.0,0.1491,0.97553,0.00117,-0.02246,0.18872,2.85477
130.0,0.0,0.01,0.0,0,1.13,83,0,130.0,0.1491,0.97553,0.00117,-0.02246,0.18872,2.85477
145.0,0.0,108.78,107.15,74,110.4,74,0,145.0,0.21038,-0.55541,0.01728,-0.04934,0.42943,-0.27971
145.0,0.0,108.78,107.15,74,110.4,74,0,145.0,0.2276,0.47628,0.00532,-0.03587,1.30927,1.63717
145.0,0.0,0.01,0.0,0,0.96,82,0,145.0,0.21038,-0.55541,0.01728,-0.04934,0.42943,-0.27971
145.0,0.0,0.01,0.0,0,0.96,82,0,145.0,0.2276,0.47628,0.00532,-0.03587,1.30927,1.63717
150.0,0.0,103.83,102.2,74,105.45,74,0,150.0,0.86127,-0.0015,0.00021,-0.01387,0.00129,-4e-05
150.0,0.0,0.01,0.0,0,0.97,82,0,150.0,0.86127,-0.0015,0.00021,-0.01387,0.00129,-4e-05
155.0,0.0,98.55,97.35,71,99.75,3,0,155.0,0.60778,0.00215,0.00042,-0.0137,0.0018,6e-05
155.0,0.0,0.01,0.0,0,0.99,84,0,155.0,0.60778,0.00215,0.00042,-0.0137,0.0018,6e-05
160.0,0.0,93.88,92.25,75,95.5,75,0,160.0,0.33339,-0.14786,0.00295,-0.02367,0.54164,-0.37963
160.0,0.0,0.01,0.0,0,1.02,84,0,160.0,0.33339,-0.14786,0.00295,-0.02367,0.54164,-0.37963
165.0,0.0,88.85,87.3,75,90.4,75,0,165.0,0.3561,-0.0827,0.0013,-0.01143,0.50116,-0.44305
165.0,0.0,0.01,0.0,0,1.06,86,0,165.0,0.3561,-0.0827,0.0013,-0.01143,0.50116,-0.44305
170.0,0.0,83.85,82.2,74,85.5,74,0,170.0,0.23492,0.07937,0.003,-0.0168,0.30964,0.12617
170.0,0.0,83.85,82.2,74,85.5,74,0,170.0,0.29986,-0.3726,0.00538,-0.02891,0.88759,-0.99046
170.0,0.0,0.01,0.0,0,0.2,69,0,170.0,0.23492,0.07937,0.003,-0.0168,0.30964,0.12617
170.0,0.0,0.01,0.0,0,0.2,69,0,170.0,0.29986,-0.3726,0.00538,-0.02891,0.88759,-0.99046
175.0,0.0,79.05,77.6,71,80.5,75,0,175.0,0.22028,-0.77789,0.0163,-0.04426,0.24689,-0.22936
175.0,0.0,0.01,0.0,0,0.84,86,0,175.0,0.22028,-0.77789,0.0163,-0.04426,0.24689,-0.22936
195.0,0.0,59.12,57.95,65,60.3,61,0,195.0,0.33263,-0.00051,3e-05,-0.00024,0.00377,-0.00095
195.0,0.0,0.01,0.0,0,0.91,252,0,195.0,0.33263,-0.00051,3e-05,-0.00024,0.00377,-0.00095
200.0,51.15,54.2,53.2,48,55.2,41,1,200.0,0.24757,-0.34724,0.03387,-0.17228,0.16265,-0.02733
200.0,51.15,54.2,53.2,48,55.2,41,1,200.0,0.29696,-0.482,0.00572,-0.02625,0.93476,-1.31382
200.0,0.25,0.01,0.0,0,0.3,319,11,200.0,0.24757,-0.34724,0.03387,-0.17228,0.16265,-0.02733
200.0,0.25,0.01,0.0,0,0.3,319,11,200.0,0.29696,-0.482,0.00572,-0.02625,0.93476,-1.31382
215.0,40.1,39.28,38.35,50,40.2,40,0,215.0,0.21205,0.05734,0.00654,-0.02759,0.09532,0.01509
215.0,40.1,39.28,38.35,50,40.2,40,0,215.0,0.28781,-0.31327,0.00738,-0.04317,0.59153,-0.39065
215.0,40.1,39.28,38.35,50,40.2,40,0,215.0,0.46418,-0.01722,0.00044,-0.00772,0.08931,-0.03451
215.0,0.26,0.01,0.0,0,0.55,349,20,215.0,0.21205,0.05734,0.00654,-0.02759,0.09532,0.01509
215.0,0.26,0.01,0.0,0,0.55,349,20,215.0,0.28781,-0.31327,0.00738,-0.04317,0.59153,-0.39065
215.0,0.26,0.01,0.0,0,0.55,349,20,215.0,0.46418,-0.01722,0.00044,-0.00772,0.08931,-0.03451
220.0,36.3,34.45,33.5,39,35.4,33,0,220.0,0.25382,0.61159,0.00905,-0.06728,0.63966,0.58029
220.0,36.3,34.45,33.5,39,35.4,33,0,220.0,0.33705,-0.13159,0.0027,-0.02235,0.50035,-0.33691
220.0,0.17,0.2,0.01,468,0.39,308,20,220.0,0.25382,0.61159,0.00905,-0.06728,0.63966,0.58029
220.0,0.17,0.2,0.01,468,0.39,308,20,220.0,0.33705,-0.13159,0.0027,-0.02235,0.50035,-0.33691
230.0,22.42,25.1,24.35,24,25.85,57,8,230.0,0.28964,-0.27585,0.00691,-0.04174,0.55778,-0.34231
230.0,0.52,0.48,0.41,46,0.56,12,35,230.0,0.28964,-0.27585,0.00691,-0.04174,0.55778,-0.34231
240.0,13.85,15.5,15.3,38,15.7,15,3,240.0,0.23812,0.29387,0.03284,-0.1728,0.15169,0.0219
240.0,13.85,15.5,15.3,38,15.7,15,3,240.0,0.2241,0.48576,0.03158,-0.15388,0.22461,0.05847
240.0,1.37,1.22,1.06,278,1.37,14,20,240.0,0.23812,0.29387,0.03284,-0.1728,0.15169,0.0219
240.0,1.37,1.22,1.06,278,1.37,14,20,240.0,0.2241,0.48576,0.03158,-0.15388,0.22461,0.05847
250.0,7.35,7.67,7.55,14,7.8,25,35,250.0,0.243,0.06408,0.0022,-0.01321,0.29411,0.12645
250.0,3.75,3.38,3.25,216,3.5,30,12,250.0,0.243,0.06408,0.0022,-0.01321,0.29411,0.12645
255.0,4.26,4.67,4.55,33,4.8,79,36,255.0,0.22669,0.52334,0.00534,-0.03678,1.30934,1.77971
255.0,5.85,5.4,5.25,86,5.55,27,5,255.0,0.22669,0.52334,0.00534,-0.03678,1.30934,1.77971
275.0,0.3,0.58,0.17,458,0.99,599,0,275.0,0.49909,-0.00034,1e-05,-0.00025,0.00257,-0.00065
275.0,0.0,21.45,21.0,11,21.9,32,0,275.0,0.49909,-0.00034,1e-05,-0.00025,0.00257,-0.00065
285.0,0.14,0.01,0.0,0,0.51,343,2,285.0,0.29208,0.00148,0.0002,-0.00154,0.00401,0.00039
285.0,0.0,31.5,30.2,71,32.8,71,0,285.0,0.29208,0.00148,0.0002,-0.00154,0.00401,0.00039
290.0,0.01,0.01,0.0,0,0.72,276,0,290.0,0.32653,-0.20325,0.00263,-0.01683,0.92934,-1.1217
290.0,0.0,36.52,35.25,75,37.8,75,0,290.0,0.32653,-0.20325,0.00263,-0.01683,0.92934,-1.1217
330.0,0.0,0.01,0.0,0,0.95,85,0,330.0,0.37912,-0.02807,0.00156,-0.0189,0.06999,-0.01394
330.0,0.0,76.5,74.85,74,78.15,74,0,330.0,0.37912,-0.02807,0.00156,-0.0189,0.06999,-0.01394
130.0,0.0,123.88,122.3,71,125.45,75,0,130.0,0.1491,0.97553,0.00117,-0.02246,0.18872,2.85477
130.0,0.0,0.01,0.0,0,1.29,86,0,130.0,0.1491,0.97553,0.00117,-0.02246,0.18872,2.85477
145.0,0.0,108.95,107.6,74,110.3,54,0,145.0,0.21038,-0.55541,0.01728,-0.04934,0.42943,-0.27971
145.0,0.0,108.95,107.6,74,110.3,54,0,145.0,0.2276,0.47628,0.00532,-0.03587,1.30927,1.63717
145.0,0.0,0.01,0.0,0,1.01,229,0,145.0,0.21038,-0.55541,0.01728,-0.04934,0.42943,-0.27971
145.0,0.0,0.01,0.0,0,1.01,229,0,145.0,0.2276,0.47628,0.00532,-0.03587,1.30927,1.63717
150.0,0.0,103.97,102.35,71,105.6,76,0,150.0,0.86127,-0.0015,0.00021,-0.01387,0.00129,-4e-05
150.0,0.0,0.01,0.0,0,0.73,83,0,150.0,0.86127,-0.0015,0.00021,-0.01387,0.00129,-4e-05
155.0,0.0,99.0,97.4,74,100.6,74,0,155.0,0.60778,0.00215,0.00042,-0.0137,0.0018,6e-05
155.0,0.0,0.01,0.0,0,1.14,85,0,155.0,0.60778,0.00215,0.00042,-0.0137,0.0018,6e-05
160.0,0.0,94.0,92.4,75,95.6,75,0,160.0,0.33339,-0.14786,0.00295,-0.02367,0.54164,-0.37963
160.0,0.0,0.01,0.0,0,1.3,86,0,160.0,0.33339,-0.14786,0.00295,-0.02367,0.54164,-0.37963
165.0,0.0,89.22,87.85,71,90.6,71,0,165.0,0.3561,-0.0827,0.0013,-0.01143,0.50116,-0.44305
165.0,0.0,0.01,0.0,0,1.14,86,0,165.0,0.3561,-0.0827,0.0013,-0.01143,0.50116,-0.44305
170.0,0.0,84.0,82.4,75,85.6,71,0,170.0,0.23492,0.07937,0.003,-0.0168,0.30964,0.12617
170.0,0.0,84.0,82.4,75,85.6,71,0,170.0,0.29986,-0.3726,0.00538,-0.02891,0.88759,-0.99046
170.0,0.0,0.01,0.0,0,1.25,87,0,170.0,0.23492,0.07937,0.003,-0.0168,0.30964,0.12617
170.0,0.0,0.01,0.0,0,1.25,87,0,170.0,0.29986,-0.3726,0.00538,-0.02891,0.88759,-0.99046
175.0,0.0,79.05,77.5,71,80.6,66,0,175.0,0.22028,-0.77789,0.0163,-0.04426,0.24689,-0.22936
175.0,0.0,0.01,0.0,0,1.3,87,0,175.0,0.22028,-0.77789,0.0163,-0.04426,0.24689,-0.22936
195.0,0.0,59.25,58.0,70,60.5,50,0,195.0,0.33263,-0.00051,3e-05,-0.00024,0.00377,-0.00095
195.0,0.0,0.01,0.0,0,1.24,88,0,195.0,0.33263,-0.00051,3e-05,-0.00024,0.00377,-0.00095
200.0,0.0,54.38,53.35,53,55.4,36,0,200.0,0.24757,-0.34724,0.03387,-0.17228,0.16265,-0.02733
200.0,0.0,54.38,53.35,53,55.4,36,0,200.0,0.29696,-0.482,0.00572,-0.02625,0.93476,-1.31382
200.0,0.0,0.01,0.0,0,1.15,86,0,200.0,0.24757,-0.34724,0.03387,-0.17228,0.16265,-0.02733
200.0,0.0,0.01,0.0,0,1.15,86,0,200.0,0.29696,-0.482,0.00572,-0.02625,0.93476,-1.31382
215.0,27.32,39.67,38.65,30,40.7,37,0,215.0,0.21205,0.05734,0.00654,-0.02759,0.09532,0.01509
215.0,27.32,39.67,38.65,30,40.7,37,0,215.0,0.28781,-0.31327,0.00738,-0.04317,0.59153,-0.39065
215.0,27.32,39.67,38.65,30,40.7,37,0,215.0,0.46418,-0.01722,0.00044,-0.00772,0.08931,-0.03451
215.0,0.0,0.64,0.02,442,1.26,507,0,215.0,0.21205,0.05734,0.00654,-0.02759,0.09532,0.01509
215.0,0.0,0.64,0.02,442,1.26,507,0,215.0,0.28781,-0.31327,0.00738,-0.04317,0.59153,-0.39065
215.0,0.0,0.64,0.02,442,1.26,507,0,215.0,0.46418,-0.01722,0.00044,-0.00772,0.08931,-0.03451
220.0,29.65,35.33,34.0,21,36.65,16,0,220.0,0.25382,0.61159,0.00905,-0.06728,0.63966,0.58029
220.0,29.65,35.33,34.0,21,36.65,16,0,220.0,0.33705,-0.13159,0.0027,-0.02235,0.50035,-0.33691
220.0,0.45,0.77,0.08,491,1.45,470,2,220.0,0.25382,0.61159,0.00905,-0.06728,0.63966,0.58029
220.0,0.45,0.77,0.08,491,1.45,470,2,220.0,0.33705,-0.13159,0.0027,-0.02235,0.50035,-0.33691
230.0,22.96,25.27,24.9,11,25.65,13,8,230.0,0.28964,-0.27585,0.00691,-0.04174,0.55778,-0.34231
230.0,0.83,0.84,0.72,45,0.96,13,3,230.0,0.28964,-0.27585,0.00691,-0.04174,0.55778,-0.34231
240.0,11.3,16.32,15.45,280,17.2,246,2,240.0,0.23812,0.29387,0.03284,-0.1728,0.15169,0.0219
240.0,11.3,16.32,15.45,280,17.2,246,2,240.0,0.2241,0.48576,0.03158,-0.15388,0.22461,0.05847
240.0,2.12,1.91,1.66,41,2.16,1,25,240.0,0.23812,0.29387,0.03284,-0.1728,0.15169,0.0219
240.0,2.12,1.91,1.66,41,2.16,1,25,240.0,0.2241,0.48576,0.03158,-0.15388,0.22461,0.05847
250.0,7.65,8.68,8.5,168,8.85,11,18,250.0,0.243,0.06408,0.0022,-0.01321,0.29411,0.12645
250.0,4.95,4.2,4.0,185,4.4,4,1,250.0,0.243,0.06408,0.0022,-0.01321,0.29411,0.12645
255.0,5.2,5.78,5.55,101,6.0,239,24,255.0,0.22669,0.52334,0.00534,-0.03678,1.30934,1.77971
255.0,9.1,6.2,6.0,186,6.4,11,2,255.0,0.22669,0.52334,0.00534,-0.03678,1.30934,1.77971
275.0,0.9,0.6,0.41,253,0.79,333,0,275.0,0.49909,-0.00034,1e-05,-0.00025,0.00257,-0.00065
275.0,0.0,21.55,21.05,8,22.05,32,0,275.0,0.49909,-0.00034,1e-05,-0.00025,0.00257,-0.00065
285.0,0.0,0.01,0.0,0,1.15,88,0,285.0,0.29208,0.00148,0.0002,-0.00154,0.00401,0.00039
285.0,0.0,31.5,30.1,75,32.9,75,0,285.0,0.29208,0.00148,0.0002,-0.00154,0.00401,0.00039
290.0,0.0,0.01,0.0,0,1.15,87,0,290.0,0.32653,-0.20325,0.00263,-0.01683,0.92934,-1.1217
290.0,0.0,36.52,34.9,71,38.15,75,0,290.0,0.32653,-0.20325,0.00263,-0.01683,0.92934,-1.1217
330.0,0.0,0.01,0.0,0,1.29,83,0,330.0,0.37912,-0.02807,0.00156,-0.0189,0.06999,-0.01394
330.0,0.0,76.47,74.9,74,78.05,74,0,330.0,0.37912,-0.02807,0.00156,-0.0189,0.06999,-0.01394
130.0,0.0,124.03,122.45,70,125.6,70,0,130.0,0.1491,0.97553,0.00117,-0.02246,0.18872,2.85477
130.0,0.0,0.01,0.0,0,1.3,72,0,130.0,0.1491,0.97553,0.00117,-0.02246,0.18872,2.85477
145.0,0.0,108.78,107.45,70,110.1,35,0,145.0,0.21038,-0.55541,0.01728,-0.04934,0.42943,-0.27971
145.0,0.0,108.78,107.45,70,110.1,35,0,145.0,0.2276,0.47628,0.00532,-0.03587,1.30927,1.63717
145.0,0.0,0.01,0.0,0,1.3,70,0,145.0,0.21038,-0.55541,0.01728,-0.04934,0.42943,-0.27971
145.0,0.0,0.01,0.0,0,1.3,70,0,145.0,0.2276,0.47628,0.00532,-0.03587,1.30927,1.63717
150.0,0.0,104.08,102.5,70,105.65,70,0,150.0,0.86127,-0.0015,0.00021,-0.01387,0.00129,-4e-05
150.0,0.0,0.01,0.0,0,1.3,72,0,150.0,0.86127,-0.0015,0.00021,-0.01387,0.00129,-4e-05
155.0,0.0,99.22,97.45,70,101.0,70,0,155.0,0.60778,0.00215,0.00042,-0.0137,0.0018,6e-05
155.0,0.0,0.01,0.0,0,1.31,71,0,155.0,0.60778,0.00215,0.00042,-0.0137,0.0018,6e-05
160.0,0.0,94.12,92.6,70,95.65,70,0,160.0,0.33339,-0.14786,0.00295,-0.02367,0.54164,-0.37963
160.0,0.0,0.01,0.0,0,1.31,70,0,160.0,0.33339,-0.14786,0.00295,-0.02367,0.54164,-0.37963
165.0,0.0,88.85,87.5,70,90.2,27,0,165.0,0.3561,-0.0827,0.0013,-0.01143,0.50116,-0.44305
165.0,0.0,0.01,0.0,0,1.13,85,0,165.0,0.3561,-0.0827,0.0013,-0.01143,0.50116,-0.44305
170.0,0.0,84.17,82.75,70,85.6,60,0,170.0,0.23492,0.07937,0.003,-0.0168,0.30964,0.12617
170.0,0.0,84.17,82.75,70,85.6,60,0,170.0,0.29986,-0.3726,0.00538,-0.02891,0.88759,-0.99046
170.0,0.0,0.01,0.0,0,0.4,72,0,170.0,0.23492,0.07937,0.003,-0.0168,0.30964,0.12617
170.0,0.0,0.01,0.0,0,0.4,72,0,170.0,0.29986,-0.3726,0.00538,-0.02891,0.88759,-0.99046
175.0,0.0,79.25,77.7,70,80.8,67,0,175.0,0.22028,-0.77789,0.0163,-0.04426,0.24689,-0.22936
175.0,0.0,0.01,0.0,0,1.34,70,0,175.0,0.22028,-0.77789,0.0163,-0.04426,0.24689,-0.22936
195.0,0.0,59.55,58.55,43,60.55,28,0,195.0,0.33263,-0.00051,3e-05,-0.00024,0.00377,-0.00095
195.0,0.0,0.01,0.0,0,1.44,73,0,195.0,0.33263,-0.00051,3e-05,-0.00024,0.00377,-0.00095
200.0,0.0,54.62,53.6,40,55.65,27,0,200.0,0.24757,-0.34724,0.03387,-0.17228,0.16265,-0.02733
200.0,0.0,54.62,53.6,40,55.65,27,0,200.0,0.29696,-0.482,0.00572,-0.02625,0.93476,-1.31382
200.0,0.0,0.01,0.0,0,1.48,72,0,200.0,0.24757,-0.34724,0.03387,-0.17228,0.16265,-0.02733
200.0,0.0,0.01,0.0,0,1.48,72,0,200.0,0.29696,-0.482,0.00572,-0.02625,0.93476,-1.31382
215.0,0.0,39.95,38.85,33,41.05,26,0,215.0,0.21205,0.05734,0.00654,-0.02759,0.09532,0.01509
215.0,0.0,39.95,38.85,33,41.05,26,0,215.0,0.28781,-0.31327,0.00738,-0.04317,0.59153,-0.39065
215.0,0.0,39.95,38.85,33,41.05,26,0,215.0,0.46418,-0.01722,0.00044,-0.00772,0.08931,-0.03451
215.0,0.0,0.62,0.15,18,1.1,75,0,215.0,0.21205,0.05734,0.00654,-0.02759,0.09532,0.01509
215.0,0.0,0.62,0.15,18,1.1,75,0,215.0,0.28781,-0.31327,0.00738,-0.04317,0.59153,-0.39065
215.0,0.0,0.62,0.15,18,1.1,75,0,215.0,0.46418,-0.01722,0.00044,-0.00772,0.08931,-0.03451
220.0,0.0,35.62,34.3,20,36.95,10,0,220.0,0.25382,0.61159,0.00905,-0.06728,0.63966,0.58029
220.0,0.0,35.62,34.3,20,36.95,10,0,220.0,0.33705,-0.13159,0.0027,-0.02235,0.50035,-0.33691
220.0,0.0,0.69,0.39,180,0.98,177,0,220.0,0.25382,0.61159,0.00905,-0.06728,0.63966,0.58029
220.0,0.0,0.69,0.39,180,0.98,177,0,220.0,0.33705,-0.13159,0.0027,-0.02235,0.50035,-0.33691
230.0,0.0,25.75,25.45,13,26.05,13,0,230.0,0.28964,-0.27585,0.00691,-0.04174,0.55778,-0.34231
230.0,1.45,1.55,0.91,20,2.18,269,2,230.0,0.28964,-0.27585,0.00691,-0.04174,0.55778,-0.34231
240.0,17.85,16.98,16.65,12,17.3,13,0,240.0,0.23812,0.29387,0.03284,-0.1728,0.15169,0.0219
240.0,17.85,16.98,16.65,12,17.3,13,0,240.0,0.2241,0.48576,0.03158,-0.15388,0.22461,0.05847
240.0,2.5,2.23,1.72,308,2.74,16,3,240.0,0.23812,0.29387,0.03284,-0.1728,0.15169,0.0219
240.0,2.5,2.23,1.72,308,2.74,16,3,240.0,0.2241,0.48576,0.03158,-0.15388,0.22461,0.05847
250.0,9.15,9.65,8.7,211,10.6,13,3,250.0,0.243,0.06408,0.0022,-0.01321,0.29411,0.12645
250.0,5.27,4.93,4.7,11,5.15,11,8,250.0,0.243,0.06408,0.0022,-0.01321,0.29411,0.12645
255.0,5.75,6.58,6.4,15,6.75,10,17,255.0,0.22669,0.52334,0.00534,-0.03678,1.30934,1.77971
255.0,7.97,6.97,6.75,8,7.2,15,1,255.0,0.22669,0.52334,0.00534,-0.03678,1.30934,1.77971
275.0,1.38,1.06,0.54,321,1.57,305,0,275.0,0.49909,-0.00034,1e-05,-0.00025,0.00257,-0.00065
275.0,0.0,21.27,20.15,71,22.4,24,0,275.0,0.49909,-0.00034,1e-05,-0.00025,0.00257,-0.00065
285.0,0.2,0.01,0.0,0,1.2,134,24,285.0,0.29208,0.00148,0.0002,-0.00154,0.00401,0.00039
285.0,0.0,31.07,30.25,70,31.9,30,0,285.0,0.29208,0.00148,0.0002,-0.00154,0.00401,0.00039
290.0,0.0,0.01,0.0,0,1.55,115,0,290.0,0.32653,-0.20325,0.00263,-0.01683,0.92934,-1.1217
290.0,0.0,36.1,35.0,70,37.2,61,0,290.0,0.32653,-0.20325,0.00263,-0.01683,0.92934,-1.1217
330.0,0.0,0.01,0.0,0,1.23,70,0,330.0,0.37912,-0.02807,0.00156,-0.0189,0.06999,-0.01394
330.0,0.0,76.4,74.6,70,78.2,70,0,330.0,0.37912,-0.02807,0.00156,-0.0189,0.06999,-0.01394
80.0,172.5,174.12,172.85,75,175.4,75,0,80.0,0.49055,-0.00481,0.00107,-0.02258,0.00371,-0.00014
80.0,0.0,0.01,0.0,0,0.3,126,0,80.0,0.49055,-0.00481,0.00107,-0.02258,0.00371,-0.00014
85.0,0.0,168.62,167.35,71,169.9,50,0,85.0,0.27074,-0.52017,0.00882,-0.03876,0.66503,-0.66474
85.0,0.0,0.01,0.0,0,1.12,91,0,85.0,0.27074,-0.52017,0.00882,-0.03876,0.66503,-0.66474
90.0,125.1,164.07,162.6,71,165.55,74,0,90.0,0.32379,-0.19015,0.00648,-0.05359,0.35139,-0.13792
90.0,0.0,0.01,0.0,0,0.41,85,0,90.0,0.32379,-0.19015,0.00648,-0.05359,0.35139,-0.13792
100.0,154.4,154.0,152.45,75,155.55,71,0,100.0,0.22836,0.49734,0.02631,-0.13525,0.26487,0.08246
100.0,154.4,154.0,152.45,75,155.55,71,0,100.0,0.26906,0.87058,0.0047,-0.05074,0.352,0.75765
100.0,154.4,154.0,152.45,75,155.55,71,0,100.0,0.23461,0.32973,0.00924,-0.05386,0.60427,0.32822
100.0,154.4,154.0,152.45,75,155.55,71,0,100.0,0.38644,-0.00043,2e-05,-0.00024,0.00327,-0.00082
100.0,0.0,0.01,0.0,0,1.1,123,0,100.0,0.22836,0.49734,0.02631,-0.13525,0.26487,0.08246
100.0,0.0,0.01,0.0,0,1.1,123,0,100.0,0.26906,0.87058,0.0047,-0.05074,0.352,0.75765
100.0,0.0,0.01,0.0,0,1.1,123,0,100.0,0.23461,0.32973,0.00924,-0.05386,0.60427,0.32822
100.0,0.0,0.01,0.0,0,1.1,123,0,100.0,0.38644,-0.00043,2e-05,-0.00024,0.00327,-0.00082
105.0,0.0,149.15,147.7,71,150.6,75,0,105.0,0.38507,-0.00199,0.00037,-0.0048,0.00277,-0.00015
105.0,0.0,0.01,0.0,0,1.15,117,0,105.0,0.38507,-0.00199,0.00037,-0.0048,0.00277,-0.00015
110.0,0.0,144.0,142.4,74,145.6,74,0,110.0,0.27821,-0.68473,0.0481,-0.30698,0.09438,-0.0196
110.0,0.0,144.0,142.4,74,145.6,74,0,110.0,0.18309,0.00132,0.00016,-0.0005,0.00656,0.00116
110.0,0.0,144.0,142.4,74,145.6,74,0,110.0,0.22745,0.21694,0.00485,-0.02785,0.78197,0.53213
110.0,0.0,0.01,0.0,0,0.96,108,0,110.0,0.27821,-0.68473,0.0481,-0.30698,0.09438,-0.0196
110.0,0.0,0.01,0.0,0,0.96,108,0,110.0,0.18309,0.00132,0.00016,-0.0005,0.00656,0.00116
110.0,0.0,0.01,0.0,0,0.96,108,0,110.0,0.22745,0.21694,0.00485,-0.02785,0.78197,0.53213
115.0,0.0,139.05,137.5,74,140.6,74,0,115.0,0.24422,0.56469,0.0366,-0.20886,0.17338,0.04164
115.0,0.0,0.01,0.0,0,0.3,94,0,115.0,0.24422,0.56469,0.0366,-0.20886,0.17338,0.04164
120.0,134.3,134.07,132.6,74,135.55,71,0,120.0,0.36342,-0.94589,0.01138,-0.10207,0.02916,-0.02809
120.0,0.0,0.01,0.0,0,0.05,50,0,120.0,0.36342,-0.94589,0.01138,-0.10207,0.02916,-0.02809
130.0,92.02,123.97,122.85,74,125.1,43,0,130.0,0.1491,0.97553,0.00117,-0.02246,0.18872,2.85477
130.0,0.0,0.01,0.0,0,1.04,162,0,130.0,0.1491,0.97553,0.00117,-0.02246,0.18872,2.85477
145.0,106.3,109.15,107.8,71,110.5,63,4,145.0,0.21038,-0.55541,0.01728,-0.04934,0.42943,-0.27971
145.0,106.3,109.15,107.8,71,110.5,63,4,145.0,0.2276,0.47628,0.00532,-0.03587,1.30927,1.63717
145.0,0.0,0.01,0.0,0,0.75,355,0,145.0,0.21038,-0.55541,0.01728,-0.04934,0.42943,-0.27971
145.0,0.0,0.01,0.0,0,0.75,355,0,145.0,0.2276,0.47628,0.00532,-0.03587,1.30927,1.63717
150.0,105.8,104.22,103.05,75,105.4,53,0,150.0,0.86127,-0.0015,0.00021,-0.01387,0.00129,-4e-05
150.0,0.21,0.01,0.0,0,0.62,358,1,150.0,0.86127,-0.0015,0.00021,-0.01387,0.00129,-4e-05
155.0,100.7,99.35,98.1,75,100.6,62,0,155.0,0.60778,0.00215,0.00042,-0.0137,0.0018,6e-05
155.0,0.0,0.38,0.02,5,0.74,362,0,155.0,0.60778,0.00215,0.00042,-0.0137,0.0018,6e-05
160.0,95.25,94.22,93.4,75,95.05,10,0,160.0,0.33339,-0.14786,0.00295,-0.02367,0.54164,-0.37963
160.0,0.05,0.01,0.0,0,0.11,1,2,160.0,0.33339,-0.14786,0.00295,-0.02367,0.54164,-0.37963
165.0,91.15,89.28,88.25,75,90.3,11,0,165.0,0.3561,-0.0827,0.0013,-0.01143,0.50116,-0.44305
165.0,0.0,0.01,0.0,0,0.77,356,0,165.0,0.3561,-0.0827,0.0013,-0.01143,0.50116,-0.44305
170.0,79.91,84.47,83.9,10,85.05,10,0,170.0,0.23492,0.07937,0.003,-0.0168,0.30964,0.12617
170.0,79.91,84.47,83.9,10,85.05,10,0,170.0,0.29986,-0.3726,0.00538,-0.02891,0.88759,-0.99046
170.0,0.0,0.01,0.0,0,0.66,347,0,170.0,0.23492,0.07937,0.003,-0.0168,0.30964,0.12617
170.0,0.0,0.01,0.0,0,0.66,347,0,170.0,0.29986,-0.3726,0.00538,-0.02891,0.88759,-0.99046
175.0,76.95,79.47,78.9,24,80.05,10,9,175.0,0.22028,-0.77789,0.0163,-0.04426,0.24689,-0.22936
175.0,0.17,0.01,0.0,0,0.57,345,5,175.0,0.22028,-0.77789,0.0163,-0.04426,0.24689,-0.22936
195.0,60.7,59.88,59.3,11,60.45,15,0,195.0,0.33263,-0.00051,3e-05,-0.00024,0.00377,-0.00095
195.0,0.27,0.01,0.0,0,0.5,343,9,195.0,0.33263,-0.00051,3e-05,-0.00024,0.00377,-0.00095
200.0,50.15,54.92,54.45,12,55.4,14,0,200.0,0.24757,-0.34724,0.03387,-0.17228,0.16265,-0.02733
200.0,50.15,54.92,54.45,12,55.4,14,0,200.0,0.29696,-0.482,0.00572,-0.02625,0.93476,-1.31382
200.0,0.3,0.33,0.25,2,0.4,321,35,200.0,0.24757,-0.34724,0.03387,-0.17228,0.16265,-0.02733
200.0,0.3,0.33,0.25,2,0.4,321,35,200.0,0.29696,-0.482,0.00572,-0.02625,0.93476,-1.31382
215.0,39.7,40.5,39.65,18,41.35,19,0,215.0,0.21205,0.05734,0.00654,-0.02759,0.09532,0.01509
215.0,39.7,40.5,39.65,18,41.35,19,0,215.0,0.28781,-0.31327,0.00738,-0.04317,0.59153,-0.39065
215.0,39.7,40.5,39.65,18,41.35,19,0,215.0,0.46418,-0.01722,0.00044,-0.00772,0.08931,-0.03451
215.0,0.57,0.57,0.51,11,0.63,90,2,215.0,0.21205,0.05734,0.00654,-0.02759,0.09532,0.01509
215.0,0.57,0.57,0.51,11,0.63,90,2,215.0,0.28781,-0.31327,0.00738,-0.04317,0.59153,-0.39065
215.0,0.57,0.57,0.51,11,0.63,90,2,215.0,0.46418,-0.01722,0.00044,-0.00772,0.08931,-0.03451
220.0,31.05,35.42,34.95,22,35.9,13,0,220.0,0.25382,0.61159,0.00905,-0.06728,0.63966,0.58029
220.0,31.05,35.42,34.95,22,35.9,13,0,220.0,0.33705,-0.13159,0.0027,-0.02235,0.50035,-0.33691
220.0,0.77,0.74,0.69,45,0.79,21,25,220.0,0.25382,0.61159,0.00905,-0.06728,0.63966,0.58029
220.0,0.77,0.74,0.69,45,0.79,21,25,220.0,0.33705,-0.13159,0.0027,-0.02235,0.50035,-0.33691
230.0,25.03,26.4,26.05,22,26.75,171,15,230.0,0.28964,-0.27585,0.00691,-0.04174,0.55778,-0.34231
230.0,1.44,1.37,1.22,221,1.52,224,31,230.0,0.28964,-0.27585,0.00691,-0.04174,0.55778,-0.34231
240.0,16.58,17.6,17.45,12,17.75,33,7,240.0,0.23812,0.29387,0.03284,-0.1728,0.15169,0.0219
240.0,16.58,17.6,17.45,12,17.75,33,7,240.0,0.2241,0.48576,0.03158,-0.15388,0.22461,0.05847
240.0,2.87,2.73,2.65,26,2.81,92,152,240.0,0.23812,0.29387,0.03284,-0.1728,0.15169,0.0219
240.0,2.87,2.73,2.65,26,2.81,92,152,240.0,0.2241,0.48576,0.03158,-0.15388,0.22461,0.05847
250.0,10.12,10.28,10.15,19,10.4,67,488,250.0,0.243,0.06408,0.0022,-0.01321,0.29411,0.12645
250.0,5.5,5.35,5.25,52,5.45,36,171,250.0,0.243,0.06408,0.0022,-0.01321,0.29411,0.12645
255.0,6.7,7.28,7.15,129,7.4,69,209,255.0,0.22669,0.52334,0.00534,-0.03678,1.30934,1.77971
255.0,7.5,7.42,7.25,270,7.6,4,25,255.0,0.22669,0.52334,0.00534,-0.03678,1.30934,1.77971
275.0,1.13,1.19,1.13,49,1.25,77,127,275.0,0.49909,-0.00034,1e-05,-0.00025,0.00257,-0.00065
275.0,0.0,21.9,21.5,3,22.3,16,0,275.0,0.49909,-0.00034,1e-05,-0.00025,0.00257,-0.00065
285.0,0.39,0.42,0.36,271,0.48,64,2,285.0,0.29208,0.00148,0.0002,-0.00154,0.00401,0.00039
285.0,0.0,31.38,30.9,15,31.85,55,0,285.0,0.29208,0.00148,0.0002,-0.00154,0.00401,0.00039
290.0,0.31,0.4,0.23,23,0.57,640,2,290.0,0.32653,-0.20325,0.00263,-0.01683,0.92934,-1.1217
290.0,0.0,36.6,35.4,77,37.8,75,0,290.0,0.32653,-0.20325,0.00263,-0.01683,0.92934,-1.1217
330.0,0.3,0.01,0.0,0,1.05,231,0,330.0,0.37912,-0.02807,0.00156,-0.0189,0.06999,-0.01394
330.0,0.0,76.83,75.5,71,78.15,75,0,330.0,0.37912,-0.02807,0.00156,-0.0189,0.06999,-0.01394
335.0,0.0,0.01,0.0,0,0.84,103,0,335.0,0.37714,-0.03935,0.00207,-0.02474,0.09241,-0.01959
335.0,0.0,0.01,0.0,0,0.84,103,0,335.0,0.30961,-0.20458,0.00605,-0.04431,0.42965,-0.20587
335.0,0.0,81.8,80.65,6,82.95,71,0,335.0,0.37714,-0.03935,0.00207,-0.02474,0.09241,-0.01959
335.0,0.0,81.8,80.65,6,82.95,71,0,335.0,0.30961,-0.20458,0.00605,-0.04431,0.42965,-0.20587
345.0,0.04,0.01,0.0,0,1.01,106,0,345.0,0.22669,0.67159,0.00485,-0.03741,1.18831,2.18564
345.0,0.0,91.8,90.5,71,93.1,71,0,345.0,0.22669,0.67159,0.00485,-0.03741,1.18831,2.18564
350.0,0.05,0.12,0.02,169,0.22,197,0,350.0,0.22089,0.30101,0.00479,-0.02826,1.14483,1.08024
350.0,0.0,96.8,95.55,63,98.05,75,0,350.0,0.22089,0.30101,0.00479,-0.02826,1.14483,1.08024
130.0,0.0,124.12,122.5,70,125.75,70,0,130.0,0.1491,0.97553,0.00117,-0.02246,0.18872,2.85477
130.0,0.0,0.01,0.0,0,1.36,72,0,130.0,0.1491,0.97553,0.00117,-0.02246,0.18872,2.85477
145.0,0.0,109.3,107.6,70,111.0,70,0,145.0,0.21038,-0.55541,0.01728,-0.04934,0.42943,-0.27971
145.0,0.0,109.3,107.6,70,111.0,70,0,145.0,0.2276,0.47628,0.00532,-0.03587,1.30927,1.63717
145.0,0.0,0.01,0.0,0,1.37,72,0,145.0,0.21038,-0.55541,0.01728,-0.04934,0.42943,-0.27971
145.0,0.0,0.01,0.0,0,1.37,72,0,145.0,0.2276,0.47628,0.00532,-0.03587,1.30927,1.63717
150.0,0.0,104.28,102.7,70,105.85,69,0,150.0,0.86127,-0.0015,0.00021,-0.01387,0.00129,-4e-05
150.0,0.0,0.01,0.0,0,1.36,70,0,150.0,0.86127,-0.0015,0.00021,-0.01387,0.00129,-4e-05
155.0,0.0,99.3,97.65,70,100.95,70,0,155.0,0.60778,0.00215,0.00042,-0.0137,0.0018,6e-05
155.0,0.0,0.01,0.0,0,1.39,72,0,155.0,0.60778,0.00215,0.00042,-0.0137,0.0018,6e-05
160.0,0.0,94.42,92.85,70,96.0,70,0,160.0,0.33339,-0.14786,0.00295,-0.02367,0.54164,-0.37963
160.0,0.0,0.01,0.0,0,1.4,70,0,160.0,0.33339,-0.14786,0.00295,-0.02367,0.54164,-0.37963
165.0,0.0,89.4,87.8,70,91.0,70,0,165.0,0.3561,-0.0827,0.0013,-0.01143,0.50116,-0.44305
165.0,0.0,0.01,0.0,0,1.41,70,0,165.0,0.3561,-0.0827,0.0013,-0.01143,0.50116,-0.44305
170.0,0.0,84.55,83.1,70,86.0,57,0,170.0,0.23492,0.07937,0.003,-0.0168,0.30964,0.12617
170.0,0.0,84.55,83.1,70,86.0,57,0,170.0,0.29986,-0.3726,0.00538,-0.02891,0.88759,-0.99046
170.0,0.0,0.01,0.0,0,1.44,72,0,170.0,0.23492,0.07937,0.003,-0.0168,0.30964,0.12617
170.0,0.0,0.01,0.0,0,1.44,72,0,170.0,0.29986,-0.3726,0.00538,-0.02891,0.88759,-0.99046
175.0,0.0,79.53,78.0,70,81.05,53,0,175.0,0.22028,-0.77789,0.0163,-0.04426,0.24689,-0.22936
175.0,0.0,0.01,0.0,0,1.47,72,0,175.0,0.22028,-0.77789,0.0163,-0.04426,0.24689,-0.22936
195.0,0.0,59.88,58.25,70,61.5,55,0,195.0,0.33263,-0.00051,3e-05,-0.00024,0.00377,-0.00095
195.0,0.0,0.01,0.0,0,1.64,70,0,195.0,0.33263,-0.00051,3e-05,-0.00024,0.00377,-0.00095
200.0,0.0,55.03,53.45,70,56.6,54,0,200.0,0.24757,-0.34724,0.03387,-0.17228,0.16265,-0.02733
200.0,0.0,55.03,53.45,70,56.6,54,0,200.0,0.29696,-0.482,0.00572,-0.02625,0.93476,-1.31382
200.0,0.0,0.01,0.0,0,1.71,70,0,200.0,0.24757,-0.34724,0.03387,-0.17228,0.16265,-0.02733
200.0,0.0,0.01,0.0,0,1.71,70,0,200.0,0.29696,-0.482,0.00572,-0.02625,0.93476,-1.31382
215.0,0.0,41.15,39.85,22,42.45,69,0,215.0,0.21205,0.05734,0.00654,-0.02759,0.09532,0.01509
215.0,0.0,41.15,39.85,22,42.45,69,0,215.0,0.28781,-0.31327,0.00738,-0.04317,0.59153,-0.39065
215.0,0.0,41.15,39.85,22,42.45,69,0,215.0,0.46418,-0.01722,0.00044,-0.00772,0.08931,-0.03451
215.0,1.11,0.75,0.59,14,0.91,28,1,215.0,0.21205,0.05734,0.00654,-0.02759,0.09532,0.01509
215.0,1.11,0.75,0.59,14,0.91,28,1,215.0,0.28781,-0.31327,0.00738,-0.04317,0.59153,-0.39065
215.0,1.11,0.75,0.59,14,0.91,28,1,215.0,0.46418,-0.01722,0.00044,-0.00772,0.08931,-0.03451
220.0,0.0,36.58,35.1,26,38.05,6,0,220.0,0.25382,0.61159,0.00905,-0.06728,0.63966,0.58029
220.0,0.0,36.58,35.1,26,38.05,6,0,220.0,0.33705,-0.13159,0.0027,-0.02235,0.50035,-0.33691
220.0,1.58,1.15,0.83,14,1.46,146,1,220.0,0.25382,0.61159,0.00905,-0.06728,0.63966,0.58029
220.0,1.58,1.15,0.83,14,1.46,146,1,220.0,0.33705,-0.13159,0.0027,-0.02235,0.50035,-0.33691
230.0,0.0,26.73,26.5,13,26.95,12,0,230.0,0.28964,-0.27585,0.00691,-0.04174,0.55778,-0.34231
230.0,0.0,1.92,1.54,14,2.29,161,0,230.0,0.28964,-0.27585,0.00691,-0.04174,0.55778,-0.34231
240.0,15.5,18.75,18.0,23,19.5,159,0,240.0,0.23812,0.29387,0.03284,-0.1728,0.15169,0.0219
240.0,15.5,18.75,18.0,23,19.5,159,0,240.0,0.2241,0.48576,0.03158,-0.15388,0.22461,0.05847
240.0,0.0,3.23,2.96,20,3.5,18,0,240.0,0.23812,0.29387,0.03284,-0.1728,0.15169,0.0219
240.0,0.0,3.23,2.96,20,3.5,18,0,240.0,0.2241,0.48576,0.03158,-0.15388,0.22461,0.05847
250.0,10.36,11.1,10.75,133,11.45,14,13,250.0,0.243,0.06408,0.0022,-0.01321,0.29411,0.12645
250.0,0.0,6.03,5.75,20,6.3,15,0,250.0,0.243,0.06408,0.0022,-0.01321,0.29411,0.12645
255.0,7.69,8.05,7.8,168,8.3,6,12,255.0,0.22669,0.52334,0.00534,-0.03678,1.30934,1.77971
255.0,10.35,8.1,7.8,24,8.4,18,1,255.0,0.22669,0.52334,0.00534,-0.03678,1.30934,1.77971
275.0,1.5,1.53,1.4,13,1.67,16,6,275.0,0.49909,-0.00034,1e-05,-0.00025,0.00257,-0.00065
275.0,0.0,21.73,21.25,27,22.2,12,0,275.0,0.49909,-0.00034,1e-05,-0.00025,0.00257,-0.00065
285.0,0.0,0.75,0.31,14,1.19,71,0,285.0,0.29208,0.00148,0.0002,-0.00154,0.00401,0.00039
285.0,0.0,31.7,30.55,51,32.85,70,0,285.0,0.29208,0.00148,0.0002,-0.00154,0.00401,0.00039
290.0,0.0,0.46,0.08,40,0.85,73,0,290.0,0.32653,-0.20325,0.00263,-0.01683,0.92934,-1.1217
290.0,0.0,36.83,35.55,70,38.1,70,0,290.0,0.32653,-0.20325,0.00263,-0.01683,0.92934,-1.1217
330.0,0.0,0.01,0.0,0,1.39,70,0,330.0,0.37912,-0.02807,0.00156,-0.0189,0.06999,-0.01394
330.0,0.0,76.83,75.4,70,78.25,70,0,330.0,0.37912,-0.02807,0.00156,-0.0189,0.06999,-0.01394
105.0,0.0,149.3,147.95,75,150.65,60,0,105.0,0.38507,-0.00199,0.00037,-0.0048,0.00277,-0.00015
105.0,0.17,0.01,0.0,0,0.51,271,1,105.0,0.38507,-0.00199,0.00037,-0.0048,0.00277,-0.00015
110.0,0.0,144.35,142.95,74,145.75,60,0,110.0,0.27821,-0.68473,0.0481,-0.30698,0.09438,-0.0196
110.0,0.0,144.35,142.95,74,145.75,60,0,110.0,0.18309,0.00132,0.00016,-0.0005,0.00656,0.00116
110.0,0.0,144.35,142.95,74,145.75,60,0,110.0,0.22745,0.21694,0.00485,-0.02785,0.78197,0.53213
110.0,0.0,0.01,0.0,0,0.67,247,0,110.0,0.27821,-0.68473,0.0481,-0.30698,0.09438,-0.0196
110.0,0.0,0.01,0.0,0,0.67,247,0,110.0,0.18309,0.00132,0.00016,-0.0005,0.00656,0.00116
110.0,0.0,0.01,0.0,0,0.67,247,0,110.0,0.22745,0.21694,0.00485,-0.02785,0.78197,0.53213
115.0,0.0,139.45,138.05,71,140.85,63,0,115.0,0.24422,0.56469,0.0366,-0.20886,0.17338,0.04164
115.0,0.0,0.01,0.0,0,1.3,91,0,115.0,0.24422,0.56469,0.0366,-0.20886,0.17338,0.04164
120.0,0.0,134.62,133.4,71,135.85,72,0,120.0,0.36342,-0.94589,0.01138,-0.10207,0.02916,-0.02809
120.0,0.0,0.01,0.0,0,1.2,102,0,120.0,0.36342,-0.94589,0.01138,-0.10207,0.02916,-0.02809
130.0,94.15,124.65,123.25,74,126.05,74,0,130.0,0.1491,0.97553,0.00117,-0.02246,0.18872,2.85477
130.0,0.0,0.01,0.0,0,1.2,86,0,130.0,0.1491,0.97553,0.00117,-0.02246,0.18872,2.85477
145.0,0.0,109.83,108.5,74,111.15,69,0,145.0,0.21038,-0.55541,0.01728,-0.04934,0.42943,-0.27971
145.0,0.0,109.83,108.5,74,111.15,69,0,145.0,0.2276,0.47628,0.00532,-0.03587,1.30927,1.63717
145.0,0.0,0.01,0.0,0,1.35,108,0,145.0,0.21038,-0.55541,0.01728,-0.04934,0.42943,-0.27971
145.0,0.0,0.01,0.0,0,1.35,108,0,145.0,0.2276,0.47628,0.00532,-0.03587,1.30927,1.63717
150.0,89.75,104.88,103.55,71,106.2,55,0,150.0,0.86127,-0.0015,0.00021,-0.01387,0.00129,-4e-05
150.0,0.0,0.01,0.0,0,1.15,106,0,150.0,0.86127,-0.0015,0.00021,-0.01387,0.00129,-4e-05
155.0,92.4,100.0,98.65,74,101.35,58,0,155.0,0.60778,0.00215,0.00042,-0.0137,0.0018,6e-05
155.0,0.0,0.01,0.0,0,1.15,91,0,155.0,0.60778,0.00215,0.00042,-0.0137,0.0018,6e-05
160.0,96.0,94.95,93.5,75,96.4,55,0,160.0,0.33339,-0.14786,0.00295,-0.02367,0.54164,-0.37963
160.0,0.0,0.68,0.01,2,1.35,87,0,160.0,0.33339,-0.14786,0.00295,-0.02367,0.54164,-0.37963
165.0,66.73,90.05,88.65,71,91.45,63,0,165.0,0.3561,-0.0827,0.0013,-0.01143,0.50116,-0.44305
165.0,0.0,0.01,0.0,0,1.46,96,0,165.0,0.3561,-0.0827,0.0013,-0.01143,0.50116,-0.44305
170.0,75.1,85.3,84.1,88,86.5,49,0,170.0,0.23492,0.07937,0.003,-0.0168,0.30964,0.12617
170.0,75.1,85.3,84.1,88,86.5,49,0,170.0,0.29986,-0.3726,0.00538,-0.02891,0.88759,-0.99046
170.0,0.0,0.01,0.0,0,1.49,121,0,170.0,0.23492,0.07937,0.003,-0.0168,0.30964,0.12617
170.0,0.0,0.01,0.0,0,1.49,121,0,170.0,0.29986,-0.3726,0.00538,-0.02891,0.88759,-0.99046
175.0,67.45,80.3,79.05,75,81.55,60,0,175.0,0.22028,-0.77789,0.0163,-0.04426,0.24689,-0.22936
175.0,0.0,0.35,0.01,386,0.69,440,0,175.0,0.22028,-0.77789,0.0163,-0.04426,0.24689,-0.22936
195.0,51.42,60.62,59.7,47,61.55,10,0,195.0,0.33263,-0.00051,3e-05,-0.00024,0.00377,-0.00095
195.0,0.0,0.69,0.34,284,1.04,458,0,195.0,0.33263,-0.00051,3e-05,-0.00024,0.00377,-0.00095
200.0,50.92,55.88,55.05,35,56.7,21,0,200.0,0.24757,-0.34724,0.03387,-0.17228,0.16265,-0.02733
200.0,50.92,55.88,55.05,35,56.7,21,0,200.0,0.29696,-0.482,0.00572,-0.02625,0.93476,-1.31382
200.0,0.66,0.57,0.14,537,1.0,355,4,200.0,0.24757,-0.34724,0.03387,-0.17228,0.16265,-0.02733
200.0,0.66,0.57,0.14,537,1.0,355,4,200.0,0.29696,-0.482,0.00572,-0.02625,0.93476,-1.31382
215.0,28.35,41.85,41.4,12,42.3,20,0,215.0,0.21205,0.05734,0.00654,-0.02759,0.09532,0.01509
215.0,28.35,41.85,41.4,12,42.3,20,0,215.0,0.28781,-0.31327,0.00738,-0.04317,0.59153,-0.39065
215.0,28.35,41.85,41.4,12,42.3,20,0,215.0,0.46418,-0.01722,0.00044,-0.00772,0.08931,-0.03451
215.0,1.31,1.23,1.16,62,1.29,24,2,215.0,0.21205,0.05734,0.00654,-0.02759,0.09532,0.01509
215.0,1.31,1.23,1.16,62,1.29,24,2,215.0,0.28781,-0.31327,0.00738,-0.04317,0.59153,-0.39065
215.0,1.31,1.23,1.16,62,1.29,24,2,215.0,0.46418,-0.01722,0.00044,-0.00772,0.08931,-0.03451
220.0,35.38,37.03,36.45,36,37.6,16,8,220.0,0.25382,0.61159,0.00905,-0.06728,0.63966,0.58029
220.0,35.38,37.03,36.45,36,37.6,16,8,220.0,0.33705,-0.13159,0.0027,-0.02235,0.50035,-0.33691
220.0,1.6,1.47,1.33,397,1.6,1,12,220.0,0.25382,0.61159,0.00905,-0.06728,0.63966,0.58029
220.0,1.6,1.47,1.33,397,1.6,1,12,220.0,0.33705,-0.13159,0.0027,-0.02235,0.50035,-0.33691
230.0,26.75,28.27,28.1,32,28.45,34,6,230.0,0.28964,-0.27585,0.00691,-0.04174,0.55778,-0.34231
230.0,2.75,2.62,2.54,8,2.7,11,44,230.0,0.28964,-0.27585,0.00691,-0.04174,0.55778,-0.34231
240.0,19.35,20.48,19.95,89,21.0,349,15,240.0,0.23812,0.29387,0.03284,-0.1728,0.15169,0.0219
240.0,19.35,20.48,19.95,89,21.0,349,15,240.0,0.2241,0.48576,0.03158,-0.15388,0.22461,0.05847
240.0,4.8,4.42,4.3,51,4.55,22,20,240.0,0.23812,0.29387,0.03284,-0.1728,0.15169,0.0219
240.0,4.8,4.42,4.3,51,4.55,22,20,240.0,0.2241,0.48576,0.03158,-0.15388,0.22461,0.05847
250.0,12.9,13.12,12.95,30,13.3,17,123,250.0,0.243,0.06408,0.0022,-0.01321,0.29411,0.12645
250.0,7.85,7.35,7.0,44,7.7,16,58,250.0,0.243,0.06408,0.0022,-0.01321,0.29411,0.12645
255.0,9.45,10.15,10.0,19,10.3,21,30,255.0,0.22669,0.52334,0.00534,-0.03678,1.30934,1.77971
255.0,10.05,9.45,9.25,25,9.65,54,60,255.0,0.22669,0.52334,0.00534,-0.03678,1.30934,1.77971
275.0,2.69,2.71,2.6,11,2.82,14,58,275.0,0.49909,-0.00034,1e-05,-0.00025,0.00257,-0.00065
275.0,0.0,22.25,21.4,303,23.1,277,0,275.0,0.49909,-0.00034,1e-05,-0.00025,0.00257,-0.00065
285.0,1.2,1.26,1.21,19,1.31,15,49,285.0,0.29208,0.00148,0.0002,-0.00154,0.00401,0.00039
285.0,0.0,31.62,31.25,11,32.0,13,0,285.0,0.29208,0.00148,0.0002,-0.00154,0.00401,0.00039
290.0,0.84,0.86,0.81,106,0.92,42,0,290.0,0.32653,-0.20325,0.00263,-0.01683,0.92934,-1.1217
290.0,0.0,36.58,35.75,10,37.4,87,0,290.0,0.32653,-0.20325,0.00263,-0.01683,0.92934,-1.1217
330.0,0.24,0.01,0.0,0,0.6,95,0,330.0,0.37912,-0.02807,0.00156,-0.0189,0.06999,-0.01394
330.0,0.0,76.5,74.95,71,78.05,74,0,330.0,0.37912,-0.02807,0.00156,-0.0189,0.06999,-0.01394
335.0,0.0,0.01,0.0,0,1.35,94,0,335.0,0.37714,-0.03935,0.00207,-0.02474,0.09241,-0.01959
335.0,0.0,0.01,0.0,0,1.35,94,0,335.0,0.30961,-0.20458,0.00605,-0.04431,0.42965,-0.20587
335.0,0.0,81.35,79.95,71,82.75,75,0,335.0,0.37714,-0.03935,0.00207,-0.02474,0.09241,-0.01959
335.0,0.0,81.35,79.95,71,82.75,75,0,335.0,0.30961,-0.20458,0.00605,-0.04431,0.42965,-0.20587
345.0,0.0,0.01,0.0,0,1.16,108,0,345.0,0.22669,0.67159,0.00485,-0.03741,1.18831,2.18564
345.0,0.0,91.62,90.25,71,93.0,71,0,345.0,0.22669,0.67159,0.00485,-0.03741,1.18831,2.18564
350.0,0.2,0.01,0.0,0,1.15,169,0,350.0,0.22089,0.30101,0.00479,-0.02826,1.14483,1.08024
350.0,0.0,96.5,94.85,75,98.15,75,0,350.0,0.22089,0.30101,0.00479,-0.02826,1.14483,1.08024
355.0,0.0,0.01,0.0,0,1.28,87,0,355.0,0.34772,-0.10115,0.00155,-0.01266,0.5818,-0.54384
355.0,0.0,101.5,99.95,71,103.05,71,0,355.0,0.34772,-0.10115,0.00155,-0.01266,0.5818,-0.54384
145.0,0.0,110.25,108.9,80,111.6,40,0,145.0,0.21038,-0.55541,0.01728,-0.04934,0.42943,-0.27971
145.0,0.0,110.25,108.9,80,111.6,40,0,145.0,0.2276,0.47628,0.00532,-0.03587,1.30927,1.63717
145.0,0.0,0.01,0.0,0,1.47,96,0,145.0,0.21038,-0.55541,0.01728,-0.04934,0.42943,-0.27971
145.0,0.0,0.01,0.0,0,1.47,96,0,145.0,0.2276,0.47628,0.00532,-0.03587,1.30927,1.63717
150.0,100.4,105.35,104.15,65,106.55,30,0,150.0,0.86127,-0.0015,0.00021,-0.01387,0.00129,-4e-05
150.0,0.0,0.77,0.01,31,1.52,96,0,150.0,0.86127,-0.0015,0.00021,-0.01387,0.00129,-4e-05
155.0,0.0,100.62,99.45,58,101.8,45,0,155.0,0.60778,0.00215,0.00042,-0.0137,0.0018,6e-05
155.0,0.0,0.01,0.0,0,1.58,95,0,155.0,0.60778,0.00215,0.00042,-0.0137,0.0018,6e-05
160.0,0.0,95.57,94.3,63,96.85,33,0,160.0,0.33339,-0.14786,0.00295,-0.02367,0.54164,-0.37963
160.0,0.0,0.83,0.01,74,1.65,104,0,160.0,0.33339,-0.14786,0.00295,-0.02367,0.54164,-0.37963
165.0,0.0,90.5,89.3,77,91.7,6,0,165.0,0.3561,-0.0827,0.0013,-0.01143,0.50116,-0.44305
165.0,0.0,0.89,0.04,69,1.74,88,0,165.0,0.3561,-0.0827,0.0013,-0.01143,0.50116,-0.44305
170.0,0.0,85.85,84.7,53,87.0,6,0,170.0,0.23492,0.07937,0.003,-0.0168,0.30964,0.12617
170.0,0.0,85.85,84.7,53,87.0,6,0,170.0,0.29986,-0.3726,0.00538,-0.02891,0.88759,-0.99046
170.0,0.0,0.58,0.3,287,0.87,350,0,170.0,0.23492,0.07937,0.003,-0.0168,0.30964,0.12617
170.0,0.0,0.58,0.3,287,0.87,350,0,170.0,0.29986,-0.3726,0.00538,-0.02891,0.88759,-0.99046
175.0,0.0,80.97,79.7,67,82.25,10,0,175.0,0.22028,-0.77789,0.0163,-0.04426,0.24689,-0.22936
175.0,0.7,0.73,0.1,394,1.35,369,5,175.0,0.22028,-0.77789,0.0163,-0.04426,0.24689,-0.22936
195.0,0.0,62.03,61.1,22,62.95,11,0,195.0,0.33263,-0.00051,3e-05,-0.00024,0.00377,-0.00095
195.0,0.0,1.5,1.43,58,1.57,24,0,195.0,0.33263,-0.00051,3e-05,-0.00024,0.00377,-0.00095
200.0,0.0,57.48,56.5,23,58.45,11,0,200.0,0.24757,-0.34724,0.03387,-0.17228,0.16265,-0.02733
200.0,0.0,57.48,56.5,23,58.45,11,0,200.0,0.29696,-0.482,0.00572,-0.02625,0.93476,-1.31382
200.0,2.01,1.84,1.77,23,1.92,41,35,200.0,0.24757,-0.34724,0.03387,-0.17228,0.16265,-0.02733
200.0,2.01,1.84,1.77,23,1.92,41,35,200.0,0.29696,-0.482,0.00572,-0.02625,0.93476,-1.31382
215.0,44.85,43.73,43.35,124,44.1,13,0,215.0,0.21205,0.05734,0.00654,-0.02759,0.09532,0.01509
215.0,44.85,43.73,43.35,124,44.1,13,0,215.0,0.28781,-0.31327,0.00738,-0.04317,0.59153,-0.39065
215.0,44.85,43.73,43.35,124,44.1,13,0,215.0,0.46418,-0.01722,0.00044,-0.00772,0.08931,-0.03451
215.0,3.72,3.2,3.1,73,3.3,14,3,215.0,0.21205,0.05734,0.00654,-0.02759,0.09532,0.01509
215.0,3.72,3.2,3.1,73,3.3,14,3,215.0,0.28781,-0.31327,0.00738,-0.04317,0.59153,-0.39065
215.0,3.72,3.2,3.1,73,3.3,14,3,215.0,0.46418,-0.01722,0.00044,-0.00772,0.08931,-0.03451
220.0,37.35,39.2,38.7,239,39.7,10,0,220.0,0.25382,0.61159,0.00905,-0.06728,0.63966,0.58029
220.0,37.35,39.2,38.7,239,39.7,10,0,220.0,0.33705,-0.13159,0.0027,-0.02235,0.50035,-0.33691
220.0,4.58,3.9,3.8,63,4.0,11,3,220.0,0.25382,0.61159,0.00905,-0.06728,0.63966,0.58029
220.0,4.58,3.9,3.8,63,4.0,11,3,220.0,0.33705,-0.13159,0.0027,-0.02235,0.50035,-0.33691
230.0,26.93,31.15,30.75,254,31.55,11,0,230.0,0.28964,-0.27585,0.00691,-0.04174,0.55778,-0.34231
230.0,6.05,5.67,5.55,91,5.8,21,2,230.0,0.28964,-0.27585,0.00691,-0.04174,0.55778,-0.34231
240.0,22.1,23.93,23.75,21,24.1,16,6,240.0,0.23812,0.29387,0.03284,-0.1728,0.15169,0.0219
240.0,22.1,23.93,23.75,21,24.1,16,6,240.0,0.2241,0.48576,0.03158,-0.15388,0.22461,0.05847
240.0,8.6,8.3,8.2,16,8.4,14,3,240.0,0.23812,0.29387,0.03284,-0.1728,0.15169,0.0219
240.0,8.6,8.3,8.2,16,8.4,14,3,240.0,0.2241,0.48576,0.03158,-0.15388,0.22461,0.05847
250.0,16.65,17.8,17.15,119,18.45,316,71,250.0,0.243,0.06408,0.0022,-0.01321,0.29411,0.12645
250.0,12.0,11.77,11.6,164,11.95,81,4,250.0,0.243,0.06408,0.0022,-0.01321,0.29411,0.12645
255.0,13.75,14.48,14.3,142,14.65,14,61,255.0,0.22669,0.52334,0.00534,-0.03678,1.30934,1.77971
255.0,14.4,14.0,13.85,13,14.15,102,43,255.0,0.22669,0.52334,0.00534,-0.03678,1.30934,1.77971
275.0,5.8,6.08,5.95,115,6.2,42,18,275.0,0.49909,-0.00034,1e-05,-0.00025,0.00257,-0.00065
275.0,0.0,25.67,25.4,33,25.95,36,0,275.0,0.49909,-0.00034,1e-05,-0.00025,0.00257,-0.00065
285.0,3.5,3.72,3.65,22,3.8,36,51,285.0,0.29208,0.00148,0.0002,-0.00154,0.00401,0.00039
285.0,0.0,33.55,32.85,103,34.25,181,0,285.0,0.29208,0.00148,0.0002,-0.00154,0.00401,0.00039
290.0,2.77,2.88,2.82,22,2.94,15,1,290.0,0.32653,-0.20325,0.00263,-0.01683,0.92934,-1.1217
290.0,0.0,37.35,36.9,88,37.8,31,0,290.0,0.32653,-0.20325,0.00263,-0.01683,0.92934,-1.1217
330.0,0.54,0.26,0.03,548,0.49,1,0,330.0,0.37912,-0.02807,0.00156,-0.0189,0.06999,-0.01394
330.0,0.0,76.55,75.15,75,77.95,81,0,330.0,0.37912,-0.02807,0.00156,-0.0189,0.06999,-0.01394
335.0,0.0,0.69,0.02,258,1.35,135,0,335.0,0.37714,-0.03935,0.00207,-0.02474,0.09241,-0.01959
335.0,0.0,0.69,0.02,258,1.35,135,0,335.0,0.30961,-0.20458,0.00605,-0.04431,0.42965,-0.20587
335.0,0.0,81.55,80.15,75,82.95,80,0,335.0,0.37714,-0.03935,0.00207,-0.02474,0.09241,-0.01959
335.0,0.0,81.55,80.15,75,82.95,80,0,335.0,0.30961,-0.20458,0.00605,-0.04431,0.42965,-0.20587
345.0,0.0,0.48,0.01,97,0.95,162,0,345.0,0.22669,0.67159,0.00485,-0.03741,1.18831,2.18564
345.0,0.0,91.75,90.55,72,92.95,75,0,345.0,0.22669,0.67159,0.00485,-0.03741,1.18831,2.18564
350.0,0.0,0.01,0.0,0,1.15,149,0,350.0,0.22089,0.30101,0.00479,-0.02826,1.14483,1.08024
350.0,0.0,96.53,94.95,80,98.1,75,0,350.0,0.22089,0.30101,0.00479,-0.02826,1.14483,1.08024
355.0,0.0,0.69,0.03,87,1.35,172,0,355.0,0.34772,-0.10115,0.00155,-0.01266,0.5818,-0.54384
355.0,0.0,101.58,100.15,81,103.0,81,0,355.0,0.34772,-0.10115,0.00155,-0.01266,0.5818,-0.54384
100.0,0.0,154.68,153.25,75,156.1,71,0,100.0,0.22836,0.49734,0.02631,-0.13525,0.26487,0.08246
100.0,0.0,154.68,153.25,75,156.1,71,0,100.0,0.26906,0.87058,0.0047,-0.05074,0.352,0.75765
100.0,0.0,154.68,153.25,75,156.1,71,0,100.0,0.23461,0.32973,0.00924,-0.05386,0.60427,0.32822
100.0,0.0,154.68,153.25,75,156.1,71,0,100.0,0.38644,-0.00043,2e-05,-0.00024,0.00327,-0.00082
100.0,0.0,0.01,0.0,0,1.95,104,0,100.0,0.22836,0.49734,0.02631,-0.13525,0.26487,0.08246
100.0,0.0,0.01,0.0,0,1.95,104,0,100.0,0.26906,0.87058,0.0047,-0.05074,0.352,0.75765
100.0,0.0,0.01,0.0,0,1.95,104,0,100.0,0.23461,0.32973,0.00924,-0.05386,0.60427,0.32822
100.0,0.0,0.01,0.0,0,1.95,104,0,100.0,0.38644,-0.00043,2e-05,-0.00024,0.00327,-0.00082
105.0,0.0,150.03,148.9,75,151.15,70,0,105.0,0.38507,-0.00199,0.00037,-0.0048,0.00277,-0.00015
105.0,0.0,0.01,0.0,0,1.38,100,0,105.0,0.38507,-0.00199,0.00037,-0.0048,0.00277,-0.00015
110.0,144.4,144.98,143.65,75,146.3,71,0,110.0,0.27821,-0.68473,0.0481,-0.30698,0.09438,-0.0196
110.0,144.4,144.98,143.65,75,146.3,71,0,110.0,0.18309,0.00132,0.00016,-0.0005,0.00656,0.00116
110.0,144.4,144.98,143.65,75,146.3,71,0,110.0,0.22745,0.21694,0.00485,-0.02785,0.78197,0.53213
110.0,0.0,0.01,0.0,0,1.15,110,0,110.0,0.27821,-0.68473,0.0481,-0.30698,0.09438,-0.0196
110.0,0.0,0.01,0.0,0,1.15,110,0,110.0,0.18309,0.00132,0.00016,-0.0005,0.00656,0.00116
110.0,0.0,0.01,0.0,0,1.15,110,0,110.0,0.22745,0.21694,0.00485,-0.02785,0.78197,0.53213
115.0,0.0,139.85,138.55,99,141.15,47,0,115.0,0.24422,0.56469,0.0366,-0.20886,0.17338,0.04164
115.0,0.0,0.01,0.0,0,1.42,102,0,115.0,0.24422,0.56469,0.0366,-0.20886,0.17338,0.04164
120.0,0.0,135.15,133.6,75,136.7,70,0,120.0,0.36342,-0.94589,0.01138,-0.10207,0.02916,-0.02809
120.0,0.0,0.01,0.0,0,1.35,105,0,120.0,0.36342,-0.94589,0.01138,-0.10207,0.02916,-0.02809
130.0,95.69,125.32,124.1,65,126.55,76,0,130.0,0.1491,0.97553,0.00117,-0.02246,0.18872,2.85477
130.0,0.0,0.01,0.0,0,1.51,110,0,130.0,0.1491,0.97553,0.00117,-0.02246,0.18872,2.85477
145.0,97.43,110.6,109.5,57,111.7,35,0,145.0,0.21038,-0.55541,0.01728,-0.04934,0.42943,-0.27971
145.0,97.43,110.6,109.5,57,111.7,35,0,145.0,0.2276,0.47628,0.00532,-0.03587,1.30927,1.63717
145.0,0.0,0.47,0.05,357,0.88,360,0,145.0,0.21038,-0.55541,0.01728,-0.04934,0.42943,-0.27971
145.0,0.0,0.47,0.05,357,0.88,360,0,145.0,0.2276,0.47628,0.00532,-0.03587,1.30927,1.63717
150.0,58.45,105.62,104.5,77,106.75,41,0,150.0,0.86127,-0.0015,0.00021,-0.01387,0.00129,-4e-05
150.0,0.0,0.9,0.08,179,1.71,245,0,150.0,0.86127,-0.0015,0.00021,-0.01387,0.00129,-4e-05
155.0,93.07,100.83,99.75,56,101.9,40,0,155.0,0.60778,0.00215,0.00042,-0.0137,0.0018,6e-05
155.0,0.0,0.52,0.04,303,1.0,241,0,155.0,0.60778,0.00215,0.00042,-0.0137,0.0018,6e-05
160.0,76.85,96.2,94.75,68,97.65,88,0,160.0,0.33339,-0.14786,0.00295,-0.02367,0.54164,-0.37963
160.0,0.0,1.06,0.27,134,1.85,228,0,160.0,0.33339,-0.14786,0.00295,-0.02367,0.54164,-0.37963
165.0,62.4,91.25,90.05,57,92.45,48,0,165.0,0.3561,-0.0827,0.0013,-0.01143,0.50116,-0.44305
165.0,0.0,1.16,0.32,160,1.99,301,0,165.0,0.3561,-0.0827,0.0013,-0.01143,0.50116,-0.44305
170.0,85.84,86.75,85.4,17,88.1,1,0,170.0,0.23492,0.07937,0.003,-0.0168,0.30964,0.12617
170.0,85.84,86.75,85.4,17,88.1,1,0,170.0,0.29986,-0.3726,0.00538,-0.02891,0.88759,-0.99046
170.0,0.0,1.08,0.55,327,1.6,566,0,170.0,0.23492,0.07937,0.003,-0.0168,0.30964,0.12617
170.0,0.0,1.08,0.55,327,1.6,566,0,170.0,0.29986,-0.3726,0.00538,-0.02891,0.88759,-0.99046
175.0,75.5,81.4,80.55,25,82.25,10,2,175.0,0.22028,-0.77789,0.0163,-0.04426,0.24689,-0.22936
175.0,0.0,1.32,0.89,106,1.76,473,0,175.0,0.22028,-0.77789,0.0163,-0.04426,0.24689,-0.22936
195.0,51.5,62.73,62.0,11,63.45,32,0,195.0,0.33263,-0.00051,3e-05,-0.00024,0.00377,-0.00095
195.0,2.27,2.0,1.94,20,2.07,16,10,195.0,0.33263,-0.00051,3e-05,-0.00024,0.00377,-0.00095
200.0,56.5,57.92,57.5,13,58.35,12,5,200.0,0.24757,-0.34724,0.03387,-0.17228,0.16265,-0.02733
200.0,56.5,57.92,57.5,13,58.35,12,5,200.0,0.29696,-0.482,0.00572,-0.02625,0.93476,-1.31382
200.0,2.79,2.41,2.33,42,2.48,18,2,200.0,0.24757,-0.34724,0.03387,-0.17228,0.16265,-0.02733
200.0,2.79,2.41,2.33,42,2.48,18,2,200.0,0.29696,-0.482,0.00572,-0.02625,0.93476,-1.31382
215.0,40.0,44.9,44.05,212,45.75,211,0,215.0,0.21205,0.05734,0.00654,-0.02759,0.09532,0.01509
215.0,40.0,44.9,44.05,212,45.75,211,0,215.0,0.28781,-0.31327,0.00738,-0.04317,0.59153,-0.39065
215.0,40.0,44.9,44.05,212,45.75,211,0,215.0,0.46418,-0.01722,0.00044,-0.00772,0.08931,-0.03451
215.0,4.73,4.15,4.05,34,4.25,52,1,215.0,0.21205,0.05734,0.00654,-0.02759,0.09532,0.01509
215.0,4.73,4.15,4.05,34,4.25,52,1,215.0,0.28781,-0.31327,0.00738,-0.04317,0.59153,-0.39065
215.0,4.73,4.15,4.05,34,4.25,52,1,215.0,0.46418,-0.01722,0.00044,-0.00772,0.08931,-0.03451
220.0,41.47,40.33,39.8,438,40.85,22,0,220.0,0.25382,0.61159,0.00905,-0.06728,0.63966,0.58029
220.0,41.47,40.33,39.8,438,40.85,22,0,220.0,0.33705,-0.13159,0.0027,-0.02235,0.50035,-0.33691
220.0,5.1,4.78,4.5,356,5.05,15,7,220.0,0.25382,0.61159,0.00905,-0.06728,0.63966,0.58029
220.0,5.1,4.78,4.5,356,5.05,15,7,220.0,0.33705,-0.13159,0.0027,-0.02235,0.50035,-0.33691
230.0,34.13,32.75,32.55,59,32.95,12,0,230.0,0.28964,-0.27585,0.00691,-0.04174,0.55778,-0.34231
230.0,7.25,6.97,6.85,83,7.1,22,7,230.0,0.28964,-0.27585,0.00691,-0.04174,0.55778,-0.34231
240.0,24.7,25.6,25.4,57,25.8,33,21,240.0,0.23812,0.29387,0.03284,-0.1728,0.15169,0.0219
240.0,24.7,25.6,25.4,57,25.8,33,21,240.0,0.2241,0.48576,0.03158,-0.15388,0.22461,0.05847
240.0,10.95,9.73,9.55,113,9.9,13,1,240.0,0.23812,0.29387,0.03284,-0.1728,0.15169,0.0219
240.0,10.95,9.73,9.55,113,9.9,13,1,240.0,0.2241,0.48576,0.03158,-0.15388,0.22461,0.05847
250.0,19.06,19.4,19.05,109,19.75,246,20,250.0,0.243,0.06408,0.0022,-0.01321,0.29411,0.12645
250.0,0.0,13.3,13.0,191,13.6,221,0,250.0,0.243,0.06408,0.0022,-0.01321,0.29411,0.12645
290.0,3.9,4.1,4.0,90,4.2,43,9,290.0,0.32653,-0.20325,0.00263,-0.01683,0.92934,-1.1217
290.0,0.0,39.02,38.05,15,40.0,211,0,290.0,0.32653,-0.20325,0.00263,-0.01683,0.92934,-1.1217
330.0,0.8,0.76,0.51,414,1.0,500,0,330.0,0.37912,-0.02807,0.00156,-0.0189,0.06999,-0.01394
330.0,0.0,76.03,75.2,75,76.85,61,0,330.0,0.37912,-0.02807,0.00156,-0.0189,0.06999,-0.01394
350.0,0.31,0.48,0.01,930,0.95,751,0,350.0,0.22089,0.30101,0.00479,-0.02826,1.14483,1.08024
350.0,0.0,96.3,95.6,71,97.0,52,0,350.0,0.22089,0.30101,0.00479,-0.02826,1.14483,1.08024
110.0,144.4,144.9,143.6,72,146.2,65,0,110.0,0.27821,-0.68473,0.0481,-0.30698,0.09438,-0.0196
110.0,144.4,144.9,143.6,72,146.2,65,0,110.0,0.18309,0.00132,0.00016,-0.0005,0.00656,0.00116
110.0,144.4,144.9,143.6,72,146.2,65,0,110.0,0.22745,0.21694,0.00485,-0.02785,0.78197,0.53213
110.0,0.0,0.01,0.0,0,1.36,102,0,110.0,0.27821,-0.68473,0.0481,-0.30698,0.09438,-0.0196
110.0,0.0,0.01,0.0,0,1.36,102,0,110.0,0.18309,0.00132,0.00016,-0.0005,0.00656,0.00116
110.0,0.0,0.01,0.0,0,1.36,102,0,110.0,0.22745,0.21694,0.00485,-0.02785,0.78197,0.53213
115.0,0.0,139.93,138.65,71,141.2,60,0,115.0,0.24422,0.56469,0.0366,-0.20886,0.17338,0.04164
115.0,0.0,0.01,0.0,0,1.38,99,0,115.0,0.24422,0.56469,0.0366,-0.20886,0.17338,0.04164
120.0,0.0,134.85,133.4,75,136.3,68,0,120.0,0.36342,-0.94589,0.01138,-0.10207,0.02916,-0.02809
120.0,0.0,0.01,0.0,0,1.41,85,0,120.0,0.36342,-0.94589,0.01138,-0.10207,0.02916,-0.02809
130.0,92.8,124.88,123.35,76,126.4,44,0,130.0,0.1491,0.97553,0.00117,-0.02246,0.18872,2.85477
130.0,0.0,0.51,0.05,130,0.97,91,0,130.0,0.1491,0.97553,0.00117,-0.02246,0.18872,2.85477
145.0,0.0,110.62,109.55,75,111.7,30,0,145.0,0.21038,-0.55541,0.01728,-0.04934,0.42943,-0.27971
145.0,0.0,110.62,109.55,75,111.7,30,0,145.0,0.2276,0.47628,0.00532,-0.03587,1.30927,1.63717
145.0,0.0,0.63,0.01,377,1.25,376,0,145.0,0.21038,-0.55541,0.01728,-0.04934,0.42943,-0.27971
145.0,0.0,0.63,0.01,377,1.25,376,0,145.0,0.2276,0.47628,0.00532,-0.03587,1.30927,1.63717
150.0,0.0,105.62,104.4,75,106.85,7,0,150.0,0.86127,-0.0015,0.00021,-0.01387,0.00129,-4e-05
150.0,0.0,0.76,0.01,152,1.5,127,0,150.0,0.86127,-0.0015,0.00021,-0.01387,0.00129,-4e-05
155.0,0.0,100.9,99.7,62,102.1,32,0,155.0,0.60778,0.00215,0.00042,-0.0137,0.0018,6e-05
155.0,0.0,0.98,0.3,101,1.67,169,0,155.0,0.60778,0.00215,0.00042,-0.0137,0.0018,6e-05
160.0,87.22,96.03,94.75,78,97.3,25,0,160.0,0.33339,-0.14786,0.00295,-0.02367,0.54164,-0.37963
160.0,0.0,1.03,0.12,206,1.95,192,0,160.0,0.33339,-0.14786,0.00295,-0.02367,0.54164,-0.37963
165.0,67.6,91.57,90.1,63,93.05,67,0,165.0,0.3561,-0.0827,0.0013,-0.01143,0.50116,-0.44305
165.0,0.0,0.77,0.55,292,0.99,1,0,165.0,0.3561,-0.0827,0.0013,-0.01143,0.50116,-0.44305
170.0,57.75,86.55,85.3,60,87.8,10,0,170.0,0.23492,0.07937,0.003,-0.0168,0.30964,0.12617
170.0,57.75,86.55,85.3,60,87.8,10,0,170.0,0.29986,-0.3726,0.00538,-0.02891,0.88759,-0.99046
170.0,1.08,0.99,0.86,137,1.12,1,2,170.0,0.23492,0.07937,0.003,-0.0168,0.30964,0.12617
170.0,1.08,0.99,0.86,137,1.12,1,2,170.0,0.29986,-0.3726,0.00538,-0.02891,0.88759,-0.99046
175.0,81.75,81.95,80.5,69,83.4,37,0,175.0,0.22028,-0.77789,0.0163,-0.04426,0.24689,-0.22936
175.0,0.0,1.25,1.09,122,1.42,176,0,175.0,0.22028,-0.77789,0.0163,-0.04426,0.24689,-0.22936
195.0,50.05,63.53,62.6,20,64.45,13,0,195.0,0.33263,-0.00051,3e-05,-0.00024,0.00377,-0.00095
195.0,2.81,2.38,2.24,195,2.51,12,1,195.0,0.33263,-0.00051,3e-05,-0.00024,0.00377,-0.00095
200.0,49.77,58.88,58.55,15,59.2,10,0,200.0,0.24757,-0.34724,0.03387,-0.17228,0.16265,-0.02733
200.0,49.77,58.88,58.55,15,59.2,10,0,200.0,0.29696,-0.482,0.00572,-0.02625,0.93476,-1.31382
200.0,3.2,2.88,2.79,12,2.98,26,3,200.0,0.24757,-0.34724,0.03387,-0.17228,0.16265,-0.02733
200.0,3.2,2.88,2.79,12,2.98,26,3,200.0,0.29696,-0.482,0.00572,-0.02625,0.93476,-1.31382
215.0,34.35,45.83,45.4,175,46.25,13,0,215.0,0.21205,0.05734,0.00654,-0.02759,0.09532,0.01509
215.0,34.35,45.83,45.4,175,46.25,13,0,215.0,0.28781,-0.31327,0.00738,-0.04317,0.59153,-0.39065
215.0,34.35,45.83,45.4,175,46.25,13,0,215.0,0.46418,-0.01722,0.00044,-0.00772,0.08931,-0.03451
215.0,5.5,4.8,4.7,11,4.9,13,3,215.0,0.21205,0.05734,0.00654,-0.02759,0.09532,0.01509
215.0,5.5,4.8,4.7,11,4.9,13,3,215.0,0.28781,-0.31327,0.00738,-0.04317,0.59153,-0.39065
215.0,5.5,4.8,4.7,11,4.9,13,3,215.0,0.46418,-0.01722,0.00044,-0.00772,0.08931,-0.03451
220.0,38.81,41.92,41.0,252,42.85,215,0,220.0,0.25382,0.61159,0.00905,-0.06728,0.63966,0.58029
220.0,38.81,41.92,41.0,252,42.85,215,0,220.0,0.33705,-0.13159,0.0027,-0.02235,0.50035,-0.33691
220.0,5.9,5.67,5.55,26,5.8,15,4,220.0,0.25382,0.61159,0.00905,-0.06728,0.63966,0.58029
220.0,5.9,5.67,5.55,26,5.8,15,4,220.0,0.33705,-0.13159,0.0027,-0.02235,0.50035,-0.33691
230.0,35.95,34.8,34.15,28,35.45,180,0,230.0,0.28964,-0.27585,0.00691,-0.04174,0.55778,-0.34231
230.0,8.15,7.9,7.8,5,8.0,14,11,230.0,0.28964,-0.27585,0.00691,-0.04174,0.55778,-0.34231
240.0,25.0,27.38,27.15,26,27.6,13,0,240.0,0.23812,0.29387,0.03284,-0.1728,0.15169,0.0219
240.0,25.0,27.38,27.15,26,27.6,13,0,240.0,0.2241,0.48576,0.03158,-0.15388,0.22461,0.05847
240.0,11.9,10.77,10.6,69,10.95,12,13,240.0,0.23812,0.29387,0.03284,-0.1728,0.15169,0.0219
240.0,11.9,10.77,10.6,69,10.95,12,13,240.0,0.2241,0.48576,0.03158,-0.15388,0.22461,0.05847
250.0,19.67,21.1,20.9,58,21.3,12,5,250.0,0.243,0.06408,0.0022,-0.01321,0.29411,0.12645
250.0,15.9,14.47,14.25,23,14.7,13,1,250.0,0.243,0.06408,0.0022,-0.01321,0.29411,0.12645
255.0,17.1,18.52,18.05,114,19.0,372,7,255.0,0.22669,0.52334,0.00534,-0.03678,1.30934,1.77971
255.0,18.5,16.57,16.15,213,17.0,272,1,255.0,0.22669,0.52334,0.00534,-0.03678,1.30934,1.77971
275.0,8.7,9.25,9.1,89,9.4,78,22,275.0,0.49909,-0.00034,1e-05,-0.00025,0.00257,-0.00065
275.0,0.0,28.3,27.5,10,29.1,73,0,275.0,0.49909,-0.00034,1e-05,-0.00025,0.00257,-0.00065
285.0,6.1,6.3,6.2,21,6.4,55,20,285.0,0.29208,0.00148,0.0002,-0.00154,0.00401,0.00039
285.0,0.0,35.3,34.55,13,36.05,238,0,285.0,0.29208,0.00148,0.0002,-0.00154,0.00401,0.00039
290.0,4.8,5.15,5.05,14,5.25,51,1,290.0,0.32653,-0.20325,0.00263,-0.01683,0.92934,-1.1217
290.0,0.0,38.8,38.55,10,39.05,10,0,290.0,0.32653,-0.20325,0.00263,-0.01683,0.92934,-1.1217
330.0,0.79,1.14,0.85,25,1.42,17,0,330.0,0.37912,-0.02807,0.00156,-0.0189,0.06999,-0.01394
330.0,0.0,76.38,75.35,70,77.4,71,0,330.0,0.37912,-0.02807,0.00156,-0.0189,0.06999,-0.01394
335.0,2.28,0.84,0.79,90,0.89,30,0,335.0,0.37714,-0.03935,0.00207,-0.02474,0.09241,-0.01959
335.0,2.28,0.84,0.79,90,0.89,30,0,335.0,0.30961,-0.20458,0.00605,-0.04431,0.42965,-0.20587
335.0,0.0,80.7,79.45,71,81.95,62,0,335.0,0.37714,-0.03935,0.00207,-0.02474,0.09241,-0.01959
335.0,0.0,80.7,79.45,71,81.95,62,0,335.0,0.30961,-0.20458,0.00605,-0.04431,0.42965,-0.20587
345.0,1.89,0.77,0.29,338,1.25,435,0,345.0,0.22669,0.67159,0.00485,-0.03741,1.18831,2.18564
345.0,0.0,91.25,90.55,75,91.95,54,0,345.0,0.22669,0.67159,0.00485,-0.03741,1.18831,2.18564
350.0,0.5,0.58,0.02,310,1.15,187,0,350.0,0.22089,0.30101,0.00479,-0.02826,1.14483,1.08024
350.0,0.0,96.45,95.25,70,97.65,71,0,350.0,0.22089,0.30101,0.00479,-0.02826,1.14483,1.08024
355.0,0.92,0.72,0.09,196,1.35,173,0,355.0,0.34772,-0.10115,0.00155,-0.01266,0.5818,-0.54384
355.0,0.0,101.28,100.2,70,102.35,71,0,355.0,0.34772,-0.10115,0.00155,-0.01266,0.5818,-0.54384
70.0,184.8,184.8,183.35,75,186.25,70,0,70.0,0.31007,0.88037,0.01143,-0.12095,0.11245,0.10015
70.0,184.8,184.8,183.35,75,186.25,70,0,70.0,0.24544,0.26257,0.01026,-0.06184,0.42194,0.161
70.0,184.8,184.8,183.35,75,186.25,70,0,70.0,0.26602,0.73626,0.00736,-0.06441,0.54538,0.675
70.0,184.8,184.8,183.35,75,186.25,70,0,70.0,0.34345,-0.11119,0.00168,-0.01322,0.623,-0.59888
70.0,0.0,0.01,0.0,0,1.35,355,0,70.0,0.31007,0.88037,0.01143,-0.12095,0.11245,0.10015
70.0,0.0,0.01,0.0,0,1.35,355,0,70.0,0.24544,0.26257,0.01026,-0.06184,0.42194,0.161
70.0,0.0,0.01,0.0,0,1.35,355,0,70.0,0.26602,0.73626,0.00736,-0.06441,0.54538,0.675
70.0,0.0,0.01,0.0,0,1.35,355,0,70.0,0.34345,-0.11119,0.00168,-0.01322,0.623,-0.59888
75.0,138.0,179.1,177.75,71,180.45,40,0,75.0,0.65594,0.002,0.00036,-0.01387,0.00168,5e-05
75.0,0.0,0.48,0.01,27,0.95,314,0,75.0,0.65594,0.002,0.00036,-0.01387,0.00168,5e-05
80.0,0.0,174.5,173.15,71,175.85,70,0,80.0,0.49055,-0.00481,0.00107,-0.02258,0.00371,-0.00014
80.0,0.0,0.48,0.01,107,0.95,276,0,80.0,0.49055,-0.00481,0.00107,-0.02258,0.00371,-0.00014
85.0,130.65,169.43,168.1,71,170.75,58,0,85.0,0.27074,-0.52017,0.00882,-0.03876,0.66503,-0.66474
85.0,0.0,0.01,0.0,0,1.35,238,0,85.0,0.27074,-0.52017,0.00882,-0.03876,0.66503,-0.66474
90.0,162.5,164.55,163.35,71,165.75,39,0,90.0,0.32379,-0.19015,0.00648,-0.05359,0.35139,-0.13792
90.0,0.0,0.01,0.0,0,1.44,372,0,90.0,0.32379,-0.19015,0.00648,-0.05359,0.35139,-0.13792
100.0,155.95,154.93,153.85,63,156.0,56,0,100.0,0.22836,0.49734,0.02631,-0.13525,0.26487,0.08246
100.0,155.95,154.93,153.85,63,156.0,56,0,100.0,0.26906,0.87058,0.0047,-0.05074,0.352,0.75765
100.0,155.95,154.93,153.85,63,156.0,56,0,100.0,0.23461,0.32973,0.00924,-0.05386,0.60427,0.32822
100.0,155.95,154.93,153.85,63,156.0,56,0,100.0,0.38644,-0.00043,2e-05,-0.00024,0.00327,-0.00082
100.0,0.0,0.58,0.01,110,1.15,381,0,100.0,0.22836,0.49734,0.02631,-0.13525,0.26487,0.08246
100.0,0.0,0.58,0.01,110,1.15,381,0,100.0,0.26906,0.87058,0.0047,-0.05074,0.352,0.75765
100.0,0.0,0.58,0.01,110,1.15,381,0,100.0,0.23461,0.32973,0.00924,-0.05386,0.60427,0.32822
100.0,0.0,0.58,0.01,110,1.15,381,0,100.0,0.38644,-0.00043,2e-05,-0.00024,0.00327,-0.00082
105.0,0.0,149.7,148.25,70,151.15,52,0,105.0,0.38507,-0.00199,0.00037,-0.0048,0.00277,-0.00015
105.0,0.0,0.01,0.0,0,1.35,371,0,105.0,0.38507,-0.00199,0.00037,-0.0048,0.00277,-0.00015
110.0,140.5,144.8,143.75,71,145.85,10,0,110.0,0.27821,-0.68473,0.0481,-0.30698,0.09438,-0.0196
110.0,140.5,144.8,143.75,71,145.85,10,0,110.0,0.18309,0.00132,0.00016,-0.0005,0.00656,0.00116
110.0,140.5,144.8,143.75,71,145.85,10,0,110.0,0.22745,0.21694,0.00485,-0.02785,0.78197,0.53213
110.0,0.0,0.01,0.0,0,1.35,362,0,110.0,0.27821,-0.68473,0.0481,-0.30698,0.09438,-0.0196
110.0,0.0,0.01,0.0,0,1.35,362,0,110.0,0.18309,0.00132,0.00016,-0.0005,0.00656,0.00116
110.0,0.0,0.01,0.0,0,1.35,362,0,110.0,0.22745,0.21694,0.00485,-0.02785,0.78197,0.53213
115.0,110.8,139.97,138.7,75,141.25,41,0,115.0,0.24422,0.56469,0.0366,-0.20886,0.17338,0.04164
115.0,0.0,0.55,0.35,1,0.76,428,0,115.0,0.24422,0.56469,0.0366,-0.20886,0.17338,0.04164
120.0,131.1,135.35,134.3,69,136.4,39,1,120.0,0.36342,-0.94589,0.01138,-0.10207,0.02916,-0.02809
120.0,0.5,0.63,0.05,584,1.21,557,4,120.0,0.36342,-0.94589,0.01138,-0.10207,0.02916,-0.02809
130.0,122.28,125.35,124.25,89,126.45,10,1,130.0,0.1491,0.97553,0.00117,-0.02246,0.18872,2.85477
130.0,0.0,0.94,0.02,594,1.85,573,0,130.0,0.1491,0.97553,0.00117,-0.02246,0.18872,2.85477
145.0,103.89,111.55,110.05,53,113.05,57,3,145.0,0.21038,-0.55541,0.01728,-0.04934,0.42943,-0.27971
145.0,103.89,111.55,110.05,53,113.05,57,3,145.0,0.2276,0.47628,0.00532,-0.03587,1.30927,1.63717
145.0,0.0,1.22,0.45,594,1.98,575,0,145.0,0.21038,-0.55541,0.01728,-0.04934,0.42943,-0.27971
145.0,0.0,1.22,0.45,594,1.98,575,0,145.0,0.2276,0.47628,0.00532,-0.03587,1.30927,1.63717
150.0,96.4,106.93,105.4,48,108.45,10,0,150.0,0.86127,-0.0015,0.00021,-0.01387,0.00129,-4e-05
150.0,1.2,1.4,0.89,224,1.9,492,60,150.0,0.86127,-0.0015,0.00021,-0.01387,0.00129,-4e-05
155.0,75.0,102.15,100.6,40,103.7,10,0,155.0,0.60778,0.00215,0.00042,-0.0137,0.0018,6e-05
155.0,0.0,1.62,1.15,166,2.1,448,0,155.0,0.60778,0.00215,0.00042,-0.0137,0.0018,6e-05
160.0,96.82,97.5,96.05,37,98.95,31,0,160.0,0.33339,-0.14786,0.00295,-0.02367,0.54164,-0.37963
160.0,0.0,1.75,1.41,126,2.08,470,0,160.0,0.33339,-0.14786,0.00295,-0.02367,0.54164,-0.37963
165.0,68.35,92.8,91.35,48,94.25,24,0,165.0,0.3561,-0.0827,0.0013,-0.01143,0.50116,-0.44305
165.0,1.84,1.78,1.7,63,1.86,32,12,165.0,0.3561,-0.0827,0.0013,-0.01143,0.50116,-0.44305
170.0,84.59,88.1,87.2,15,89.0,15,0,170.0,0.23492,0.07937,0.003,-0.0168,0.30964,0.12617
170.0,84.59,88.1,87.2,15,89.0,15,0,170.0,0.29986,-0.3726,0.00538,-0.02891,0.88759,-0.99046
170.0,2.32,2.11,2.05,2,2.17,31,5,170.0,0.23492,0.07937,0.003,-0.0168,0.30964,0.12617
170.0,2.32,2.11,2.05,2,2.17,31,5,170.0,0.29986,-0.3726,0.00538,-0.02891,0.88759,-0.99046
175.0,79.75,83.45,82.75,13,84.15,13,1,175.0,0.22028,-0.77789,0.0163,-0.04426,0.24689,-0.22936
175.0,2.74,2.5,2.37,38,2.63,149,2,175.0,0.22028,-0.77789,0.0163,-0.04426,0.24689,-0.22936
195.0,64.5,66.75,65.7,12,67.8,203,4,195.0,0.33263,-0.00051,3e-05,-0.00024,0.00377,-0.00095
195.0,4.8,4.53,4.45,3,4.6,36,5,195.0,0.33263,-0.00051,3e-05,-0.00024,0.00377,-0.00095
200.0,60.4,61.75,61.5,26,62.0,11,3,200.0,0.24757,-0.34724,0.03387,-0.17228,0.16265,-0.02733
200.0,60.4,61.75,61.5,26,62.0,11,3,200.0,0.29696,-0.482,0.00572,-0.02625,0.93476,-1.31382
200.0,5.35,5.22,5.15,14,5.3,23,13,200.0,0.24757,-0.34724,0.03387,-0.17228,0.16265,-0.02733
200.0,5.35,5.22,5.15,14,5.3,23,13,200.0,0.29696,-0.482,0.00572,-0.02625,0.93476,-1.31382
220.0,44.53,45.58,44.8,285,46.35,20,13,220.0,0.25382,0.61159,0.00905,-0.06728,0.63966,0.58029
220.0,44.53,45.58,44.8,285,46.35,20,13,220.0,0.33705,-0.13159,0.0027,-0.02235,0.50035,-0.33691
220.0,9.6,9.1,9.0,11,9.2,28,20,220.0,0.25382,0.61159,0.00905,-0.06728,0.63966,0.58029
220.0,9.6,9.1,9.0,11,9.2,28,20,220.0,0.33705,-0.13159,0.0027,-0.02235,0.50035,-0.33691
230.0,37.01,38.58,37.85,283,39.3,33,6,230.0,0.28964,-0.27585,0.00691,-0.04174,0.55778,-0.34231
230.0,12.2,11.75,11.6,8,11.9,38,7,230.0,0.28964,-0.27585,0.00691,-0.04174,0.55778,-0.34231
240.0,32.72,32.83,32.2,50,33.45,207,23,240.0,0.23812,0.29387,0.03284,-0.1728,0.15169,0.0219
240.0,32.72,32.83,32.2,50,33.45,207,23,240.0,0.2241,0.48576,0.03158,-0.15388,0.22461,0.05847
240.0,0.0,14.98,14.8,8,15.15,20,0,240.0,0.23812,0.29387,0.03284,-0.1728,0.15169,0.0219
240.0,0.0,14.98,14.8,8,15.15,20,0,240.0,0.2241,0.48576,0.03158,-0.15388,0.22461,0.05847
250.0,26.1,27.02,26.2,68,27.85,228,25,250.0,0.243,0.06408,0.0022,-0.01321,0.29411,0.12645
250.0,18.85,19.05,18.6,47,19.5,228,20,250.0,0.243,0.06408,0.0022,-0.01321,0.29411,0.12645
290.0,9.1,9.4,9.25,24,9.55,56,7,290.0,0.32653,-0.20325,0.00263,-0.01683,0.92934,-1.1217
290.0,0.0,42.28,40.95,145,43.6,258,0,290.0,0.32653,-0.20325,0.00263,-0.01683,0.92934,-1.1217
330.0,2.88,2.89,2.78,106,3.0,53,2,330.0,0.37912,-0.02807,0.00156,-0.0189,0.06999,-0.01394
330.0,0.0,76.55,75.8,35,77.3,40,0,330.0,0.37912,-0.02807,0.00156,-0.0189,0.06999,-0.01394
350.0,1.7,1.64,1.58,17,1.69,49,0,350.0,0.22089,0.30101,0.00479,-0.02826,1.14483,1.08024
350.0,0.0,96.3,95.65,10,96.95,61,0,350.0,0.22089,0.30101,0.00479,-0.02826,1.14483,1.08024
110.0,119.6,144.88,143.05,70,146.7,70,0,110.0,0.27821,-0.68473,0.0481,-0.30698,0.09438,-0.0196
110.0,119.6,144.88,143.05,70,146.7,70,0,110.0,0.18309,0.00132,0.00016,-0.0005,0.00656,0.00116
110.0,119.6,144.88,143.05,70,146.7,70,0,110.0,0.22745,0.21694,0.00485,-0.02785,0.78197,0.53213
110.0,0.0,0.43,0.02,119,0.85,8,0,110.0,0.27821,-0.68473,0.0481,-0.30698,0.09438,-0.0196
110.0,0.0,0.43,0.02,119,0.85,8,0,110.0,0.18309,0.00132,0.00016,-0.0005,0.00656,0.00116
110.0,0.0,0.43,0.02,119,0.85,8,0,110.0,0.22745,0.21694,0.00485,-0.02785,0.78197,0.53213
115.0,0.0,140.48,138.65,84,142.3,70,0,115.0,0.24422,0.56469,0.0366,-0.20886,0.17338,0.04164
115.0,0.0,1.0,0.02,169,1.98,141,0,115.0,0.24422,0.56469,0.0366,-0.20886,0.17338,0.04164
120.0,0.0,135.25,133.65,75,136.85,51,0,120.0,0.36342,-0.94589,0.01138,-0.10207,0.02916,-0.02809
120.0,0.0,1.11,0.15,184,2.08,120,0,120.0,0.36342,-0.94589,0.01138,-0.10207,0.02916,-0.02809
130.0,100.27,125.53,123.9,72,127.15,48,0,130.0,0.1491,0.97553,0.00117,-0.02246,0.18872,2.85477
130.0,0.0,1.17,0.02,277,2.32,98,0,130.0,0.1491,0.97553,0.00117,-0.02246,0.18872,2.85477
145.0,0.0,111.62,109.9,85,113.35,28,0,145.0,0.21038,-0.55541,0.01728,-0.04934,0.42943,-0.27971
145.0,0.0,111.62,109.9,85,113.35,28,0,145.0,0.2276,0.47628,0.00532,-0.03587,1.30927,1.63717
145.0,0.0,1.67,0.55,398,2.8,285,0,145.0,0.21038,-0.55541,0.01728,-0.04934,0.42943,-0.27971
145.0,0.0,1.67,0.55,398,2.8,285,0,145.0,0.2276,0.47628,0.00532,-0.03587,1.30927,1.63717
150.0,0.0,107.0,105.25,77,108.75,19,0,150.0,0.86127,-0.0015,0.00021,-0.01387,0.00129,-4e-05
150.0,0.0,2.19,1.4,134,2.98,170,0,150.0,0.86127,-0.0015,0.00021,-0.01387,0.00129,-4e-05
155.0,88.74,103.05,101.1,80,105.0,11,0,155.0,0.60778,0.00215,0.00042,-0.0137,0.0018,6e-05
155.0,2.09,2.06,1.65,92,2.48,86,2,155.0,0.60778,0.00215,0.00042,-0.0137,0.0018,6e-05
160.0,97.62,98.43,97.2,15,99.65,14,0,160.0,0.33339,-0.14786,0.00295,-0.02367,0.54164,-0.37963
160.0,2.43,2.14,1.82,327,2.45,154,2,160.0,0.33339,-0.14786,0.00295,-0.02367,0.54164,-0.37963
165.0,68.9,93.43,92.7,14,94.15,13,0,165.0,0.3561,-0.0827,0.0013,-0.01143,0.50116,-0.44305
165.0,0.0,2.63,2.56,33,2.71,19,0,165.0,0.3561,-0.0827,0.0013,-0.01143,0.50116,-0.44305
170.0,66.29,89.53,88.2,12,90.85,30,0,170.0,0.23492,0.07937,0.003,-0.0168,0.30964,0.12617
170.0,66.29,89.53,88.2,12,90.85,30,0,170.0,0.29986,-0.3726,0.00538,-0.02891,0.88759,-0.99046
170.0,3.38,3.05,2.96,24,3.15,57,2,170.0,0.23492,0.07937,0.003,-0.0168,0.30964,0.12617
170.0,3.38,3.05,2.96,24,3.15,57,2,170.0,0.29986,-0.3726,0.00538,-0.02891,0.88759,-0.99046
175.0,81.44,84.58,83.95,9,85.2,8,0,175.0,0.22028,-0.77789,0.0163,-0.04426,0.24689,-0.22936
175.0,3.85,3.5,3.4,59,3.6,31,1,175.0,0.22028,-0.77789,0.0163,-0.04426,0.24689,-0.22936
195.0,59.0,67.88,67.25,39,68.5,76,0,195.0,0.33263,-0.00051,3e-05,-0.00024,0.00377,-0.00095
195.0,6.1,6.03,5.9,41,6.15,29,45,195.0,0.33263,-0.00051,3e-05,-0.00024,0.00377,-0.00095
200.0,61.05,63.45,62.9,120,64.0,13,0,200.0,0.24757,-0.34724,0.03387,-0.17228,0.16265,-0.02733
200.0,61.05,63.45,62.9,120,64.0,13,0,200.0,0.29696,-0.482,0.00572,-0.02625,0.93476,-1.31382
200.0,7.0,6.9,6.75,30,7.05,7,4,200.0,0.24757,-0.34724,0.03387,-0.17228,0.16265,-0.02733
200.0,7.0,6.9,6.75,30,7.05,7,4,200.0,0.29696,-0.482,0.00572,-0.02625,0.93476,-1.31382
220.0,46.45,48.15,47.4,198,48.9,13,0,220.0,0.25382,0.61159,0.00905,-0.06728,0.63966,0.58029
220.0,46.45,48.15,47.4,198,48.9,13,0,220.0,0.33705,-0.13159,0.0027,-0.02235,0.50035,-0.33691
220.0,11.55,11.25,11.1,37,11.4,14,21,220.0,0.25382,0.61159,0.00905,-0.06728,0.63966,0.58029
220.0,11.55,11.25,11.1,37,11.4,14,21,220.0,0.33705,-0.13159,0.0027,-0.02235,0.50035,-0.33691
230.0,40.55,41.65,41.3,65,42.0,12,0,230.0,0.28964,-0.27585,0.00691,-0.04174,0.55778,-0.34231
230.0,15.79,14.12,13.95,38,14.3,16,1,230.0,0.28964,-0.27585,0.00691,-0.04174,0.55778,-0.34231
240.0,34.27,35.35,35.1,14,35.6,13,3,240.0,0.23812,0.29387,0.03284,-0.1728,0.15169,0.0219
240.0,34.27,35.35,35.1,14,35.6,13,3,240.0,0.2241,0.48576,0.03158,-0.15388,0.22461,0.05847
240.0,19.02,17.65,17.3,28,18.0,189,3,240.0,0.23812,0.29387,0.03284,-0.1728,0.15169,0.0219
240.0,19.02,17.65,17.3,28,18.0,189,3,240.0,0.2241,0.48576,0.03158,-0.15388,0.22461,0.05847
250.0,27.85,29.5,29.25,15,29.75,11,3,250.0,0.243,0.06408,0.0022,-0.01321,0.29411,0.12645
250.0,23.02,21.35,20.95,50,21.75,28,3,250.0,0.243,0.06408,0.0022,-0.01321,0.29411,0.12645
290.0,11.3,12.22,12.0,72,12.45,10,0,290.0,0.32653,-0.20325,0.00263,-0.01683,0.92934,-1.1217
290.0,0.0,43.7,43.3,15,44.1,29,0,290.0,0.32653,-0.20325,0.00263,-0.01683,0.92934,-1.1217
330.0,4.38,4.45,4.3,57,4.6,9,2,330.0,0.37912,-0.02807,0.00156,-0.0189,0.06999,-0.01394
330.0,0.0,77.3,76.3,26,78.3,49,0,330.0,0.37912,-0.02807,0.00156,-0.0189,0.06999,-0.01394
350.0,2.75,2.65,2.44,271,2.86,19,2,350.0,0.22089,0.30101,0.00479,-0.02826,1.14483,1.08024
350.0,0.0,96.43,94.9,71,97.95,75,0,350.0,0.22089,0.30101,0.00479,-0.02826,1.14483,1.08024
110.0,139.99,145.02,143.6,71,146.45,10,0,110.0,0.27821,-0.68473,0.0481,-0.30698,0.09438,-0.0196
110.0,139.99,145.02,143.6,71,146.45,10,0,110.0,0.18309,0.00132,0.00016,-0.0005,0.00656,0.00116
110.0,139.99,145.02,143.6,71,146.45,10,0,110.0,0.22745,0.21694,0.00485,-0.02785,0.78197,0.53213
110.0,0.0,1.11,0.11,167,2.11,106,0,110.0,0.27821,-0.68473,0.0481,-0.30698,0.09438,-0.0196
110.0,0.0,1.11,0.11,167,2.11,106,0,110.0,0.18309,0.00132,0.00016,-0.0005,0.00656,0.00116
110.0,0.0,1.11,0.11,167,2.11,106,0,110.0,0.22745,0.21694,0.00485,-0.02785,0.78197,0.53213
115.0,0.0,140.3,138.7,80,141.9,60,0,115.0,0.24422,0.56469,0.0366,-0.20886,0.17338,0.04164
115.0,0.0,1.15,0.04,140,2.26,91,0,115.0,0.24422,0.56469,0.0366,-0.20886,0.17338,0.04164
120.0,0.0,135.28,133.4,71,137.15,62,0,120.0,0.36342,-0.94589,0.01138,-0.10207,0.02916,-0.02809
120.0,0.0,1.48,1.0,8,1.95,78,0,120.0,0.36342,-0.94589,0.01138,-0.10207,0.02916,-0.02809
130.0,0.0,126.2,124.8,71,127.6,41,0,130.0,0.1491,0.97553,0.00117,-0.02246,0.18872,2.85477
130.0,0.0,1.48,0.19,277,2.78,123,0,130.0,0.1491,0.97553,0.00117,-0.02246,0.18872,2.85477
145.0,0.0,112.5,110.6,75,114.4,64,0,145.0,0.21038,-0.55541,0.01728,-0.04934,0.42943,-0.27971
145.0,0.0,112.5,110.6,75,114.4,64,0,145.0,0.2276,0.47628,0.00532,-0.03587,1.30927,1.63717
145.0,2.45,2.75,2.1,18,3.4,79,2,145.0,0.21038,-0.55541,0.01728,-0.04934,0.42943,-0.27971
145.0,2.45,2.75,2.1,18,3.4,79,2,145.0,0.2276,0.47628,0.00532,-0.03587,1.30927,1.63717
150.0,98.1,108.2,106.45,55,109.95,58,0,150.0,0.86127,-0.0015,0.00021,-0.01387,0.00129,-4e-05
150.0,2.79,2.53,2.14,198,2.91,93,2,150.0,0.86127,-0.0015,0.00021,-0.01387,0.00129,-4e-05
155.0,0.0,103.45,102.35,24,104.55,13,0,155.0,0.60778,0.00215,0.00042,-0.0137,0.0018,6e-05
155.0,3.0,2.7,2.35,248,3.05,12,2,155.0,0.60778,0.00215,0.00042,-0.0137,0.0018,6e-05
160.0,0.0,99.35,97.95,20,100.75,17,0,160.0,0.33339,-0.14786,0.00295,-0.02367,0.54164,-0.37963
160.0,3.64,3.22,2.89,216,3.55,13,3,160.0,0.33339,-0.14786,0.00295,-0.02367,0.54164,-0.37963
165.0,79.5,94.97,93.45,77,96.5,124,0,165.0,0.3561,-0.0827,0.0013,-0.01143,0.50116,-0.44305
165.0,0.0,3.23,2.41,411,4.05,22,0,165.0,0.3561,-0.0827,0.0013,-0.01143,0.50116,-0.44305
170.0,88.16,90.62,89.55,24,91.7,54,1,170.0,0.23492,0.07937,0.003,-0.0168,0.30964,0.12617
170.0,88.16,90.62,89.55,24,91.7,54,1,170.0,0.29986,-0.3726,0.00538,-0.02891,0.88759,-0.99046
170.0,4.71,4.3,3.95,14,4.65,12,2,170.0,0.23492,0.07937,0.003,-0.0168,0.30964,0.12617
170.0,4.71,4.3,3.95,14,4.65,12,2,170.0,0.29986,-0.3726,0.00538,-0.02891,0.88759,-0.99046
175.0,61.5,86.25,85.05,28,87.45,14,0,175.0,0.22028,-0.77789,0.0163,-0.04426,0.24689,-0.22936
175.0,5.34,4.09,2.88,410,5.3,13,2,175.0,0.22028,-0.77789,0.0163,-0.04426,0.24689,-0.22936
195.0,67.4,69.68,68.9,89,70.45,14,0,195.0,0.33263,-0.00051,3e-05,-0.00024,0.00377,-0.00095
195.0,8.62,8.12,7.6,77,8.65,151,2,195.0,0.33263,-0.00051,3e-05,-0.00024,0.00377,-0.00095
200.0,64.14,66.0,65.4,54,66.6,13,2,200.0,0.24757,-0.34724,0.03387,-0.17228,0.16265,-0.02733
200.0,64.14,66.0,65.4,54,66.6,13,2,200.0,0.29696,-0.482,0.00572,-0.02625,0.93476,-1.31382
200.0,9.63,8.85,8.6,28,9.1,11,2,200.0,0.24757,-0.34724,0.03387,-0.17228,0.16265,-0.02733
200.0,9.63,8.85,8.6,28,9.1,11,2,200.0,0.29696,-0.482,0.00572,-0.02625,0.93476,-1.31382
220.0,48.81,51.5,51.0,78,52.0,10,0,220.0,0.25382,0.61159,0.00905,-0.06728,0.63966,0.58029
220.0,48.81,51.5,51.0,78,52.0,10,0,220.0,0.33705,-0.13159,0.0027,-0.02235,0.50035,-0.33691
220.0,0.0,13.27,12.6,107,13.95,29,0,220.0,0.25382,0.61159,0.00905,-0.06728,0.63966,0.58029
220.0,0.0,13.27,12.6,107,13.95,29,0,220.0,0.33705,-0.13159,0.0027,-0.02235,0.50035,-0.33691
230.0,42.2,45.08,44.65,32,45.5,12,0,230.0,0.28964,-0.27585,0.00691,-0.04174,0.55778,-0.34231
230.0,17.62,16.8,16.5,28,17.1,21,33,230.0,0.28964,-0.27585,0.00691,-0.04174,0.55778,-0.34231
240.0,36.25,39.5,38.4,84,40.6,253,0,240.0,0.23812,0.29387,0.03284,-0.1728,0.15169,0.0219
240.0,36.25,39.5,38.4,84,40.6,253,0,240.0,0.2241,0.48576,0.03158,-0.15388,0.22461,0.05847
240.0,0.0,20.38,19.95,13,20.8,20,0,240.0,0.23812,0.29387,0.03284,-0.1728,0.15169,0.0219
240.0,0.0,20.38,19.95,13,20.8,20,0,240.0,0.2241,0.48576,0.03158,-0.15388,0.22461,0.05847
250.0,33.09,33.42,32.4,174,34.45,358,4,250.0,0.243,0.06408,0.0022,-0.01321,0.29411,0.12645
250.0,0.0,24.43,24.0,18,24.85,19,0,250.0,0.243,0.06408,0.0022,-0.01321,0.29411,0.12645
290.0,12.65,15.8,15.5,55,16.1,19,0,290.0,0.32653,-0.20325,0.00263,-0.01683,0.92934,-1.1217
290.0,0.0,46.25,45.65,10,46.85,75,0,290.0,0.32653,-0.20325,0.00263,-0.01683,0.92934,-1.1217
330.0,6.48,6.72,6.5,19,6.95,13,2,330.0,0.37912,-0.02807,0.00156,-0.0189,0.06999,-0.01394
330.0,0.0,77.8,77.0,13,78.6,80,0,330.0,0.37912,-0.02807,0.00156,-0.0189,0.06999,-0.01394
350.0,4.25,3.82,2.99,719,4.65,12,2,350.0,0.22089,0.30101,0.00479,-0.02826,1.14483,1.08024
350.0,0.0,96.45,95.5,78,97.4,48,0,350.0,0.22089,0.30101,0.00479,-0.02826,1.14483,1.08024
105.0,145.9,150.35,149.05,77,151.65,10,0,105.0,0.38507,-0.00199,0.00037,-0.0048,0.00277,-0.00015
105.0,1.72,1.82,1.15,1,2.5,384,1,105.0,0.38507,-0.00199,0.00037,-0.0048,0.00277,-0.00015
110.0,141.25,145.65,144.35,76,146.95,10,0,110.0,0.27821,-0.68473,0.0481,-0.30698,0.09438,-0.0196
110.0,141.25,145.65,144.35,76,146.95,10,0,110.0,0.18309,0.00132,0.00016,-0.0005,0.00656,0.00116
110.0,141.25,145.65,144.35,76,146.95,10,0,110.0,0.22745,0.21694,0.00485,-0.02785,0.78197,0.53213
110.0,1.64,1.43,0.21,499,2.65,388,1,110.0,0.27821,-0.68473,0.0481,-0.30698,0.09438,-0.0196
110.0,1.64,1.43,0.21,499,2.65,388,1,110.0,0.18309,0.00132,0.00016,-0.0005,0.00656,0.00116
110.0,1.64,1.43,0.21,499,2.65,388,1,110.0,0.22745,0.21694,0.00485,-0.02785,0.78197,0.53213
115.0,118.52,140.78,139.25,71,142.3,10,0,115.0,0.24422,0.56469,0.0366,-0.20886,0.17338,0.04164
115.0,0.0,1.71,0.37,437,3.05,397,0,115.0,0.24422,0.56469,0.0366,-0.20886,0.17338,0.04164
120.0,114.04,136.48,134.65,89,138.3,89,0,120.0,0.36342,-0.94589,0.01138,-0.10207,0.02916,-0.02809
120.0,0.0,2.21,1.13,471,3.3,397,0,120.0,0.36342,-0.94589,0.01138,-0.10207,0.02916,-0.02809
130.0,121.4,127.38,125.3,90,129.45,77,0,130.0,0.1491,0.97553,0.00117,-0.02246,0.18872,2.85477
130.0,2.96,2.38,0.81,454,3.95,390,2,130.0,0.1491,0.97553,0.00117,-0.02246,0.18872,2.85477
145.0,105.52,113.8,112.75,15,114.85,12,3,145.0,0.21038,-0.55541,0.01728,-0.04934,0.42943,-0.27971
145.0,105.52,113.8,112.75,15,114.85,12,3,145.0,0.2276,0.47628,0.00532,-0.03587,1.30927,1.63717
145.0,3.75,3.37,2.73,576,4.0,13,4,145.0,0.21038,-0.55541,0.01728,-0.04934,0.42943,-0.27971
145.0,3.75,3.37,2.73,576,4.0,13,4,145.0,0.2276,0.47628,0.00532,-0.03587,1.30927,1.63717
150.0,107.0,109.35,108.4,31,110.3,11,1,150.0,0.86127,-0.0015,0.00021,-0.01387,0.00129,-4e-05
150.0,4.62,3.7,2.3,591,5.1,355,2,150.0,0.86127,-0.0015,0.00021,-0.01387,0.00129,-4e-05
155.0,103.48,105.08,104.25,14,105.9,12,1,155.0,0.60778,0.00215,0.00042,-0.0137,0.0018,6e-05
155.0,5.27,3.92,2.83,600,5.0,10,2,155.0,0.60778,0.00215,0.00042,-0.0137,0.0018,6e-05
160.0,99.3,100.9,99.9,96,101.9,12,1,160.0,0.33339,-0.14786,0.00295,-0.02367,0.54164,-0.37963
160.0,5.49,5.4,5.05,60,5.75,13,5,160.0,0.33339,-0.14786,0.00295,-0.02367,0.54164,-0.37963
165.0,90.55,96.93,95.95,14,97.9,12,0,165.0,0.3561,-0.0827,0.0013,-0.01143,0.50116,-0.44305
165.0,6.59,6.03,4.85,594,7.2,416,2,165.0,0.3561,-0.0827,0.0013,-0.01143,0.50116,-0.44305
170.0,92.1,93.38,92.1,77,94.65,169,0,170.0,0.23492,0.07937,0.003,-0.0168,0.30964,0.12617
170.0,92.1,93.38,92.1,77,94.65,169,0,170.0,0.29986,-0.3726,0.00538,-0.02891,0.88759,-0.99046
170.0,6.95,6.72,6.45,61,7.0,14,4,170.0,0.23492,0.07937,0.003,-0.0168,0.30964,0.12617
170.0,6.95,6.72,6.45,61,7.0,14,4,170.0,0.29986,-0.3726,0.00538,-0.02891,0.88759,-0.99046
175.0,84.8,88.72,87.85,132,89.6,12,0,175.0,0.22028,-0.77789,0.0163,-0.04426,0.24689,-0.22936
175.0,8.18,7.45,7.15,134,7.75,10,2,175.0,0.22028,-0.77789,0.0163,-0.04426,0.24689,-0.22936
195.0,56.08,74.35,72.85,107,75.85,126,0,195.0,0.33263,-0.00051,3e-05,-0.00024,0.00377,-0.00095
195.0,0.0,11.2,10.6,307,11.8,10,0,195.0,0.33263,-0.00051,3e-05,-0.00024,0.00377,-0.00095
200.0,69.43,70.85,69.6,118,72.1,309,6,200.0,0.24757,-0.34724,0.03387,-0.17228,0.16265,-0.02733
200.0,69.43,70.85,69.6,118,72.1,309,6,200.0,0.29696,-0.482,0.00572,-0.02625,0.93476,-1.31382
200.0,11.65,12.32,11.65,384,13.0,16,3,200.0,0.24757,-0.34724,0.03387,-0.17228,0.16265,-0.02733
200.0,11.65,12.32,11.65,384,13.0,16,3,200.0,0.29696,-0.482,0.00572,-0.02625,0.93476,-1.31382
220.0,56.5,57.2,56.5,131,57.9,15,1,220.0,0.25382,0.61159,0.00905,-0.06728,0.63966,0.58029
220.0,56.5,57.2,56.5,131,57.9,15,1,220.0,0.33705,-0.13159,0.0027,-0.02235,0.50035,-0.33691
220.0,0.0,18.35,17.65,95,19.05,109,0,220.0,0.25382,0.61159,0.00905,-0.06728,0.63966,0.58029
220.0,0.0,18.35,17.65,95,19.05,109,0,220.0,0.33705,-0.13159,0.0027,-0.02235,0.50035,-0.33691
230.0,50.65,51.25,50.75,29,51.75,11,7,230.0,0.28964,-0.27585,0.00691,-0.04174,0.55778,-0.34231
230.0,0.0,21.7,21.1,33,22.3,11,0,230.0,0.28964,-0.27585,0.00691,-0.04174,0.55778,-0.34231
240.0,46.63,45.67,45.25,49,46.1,12,0,240.0,0.23812,0.29387,0.03284,-0.1728,0.15169,0.0219
240.0,46.63,45.67,45.25,49,46.1,12,0,240.0,0.2241,0.48576,0.03158,-0.15388,0.22461,0.05847
240.0,0.0,25.5,24.6,133,26.4,110,0,240.0,0.23812,0.29387,0.03284,-0.1728,0.15169,0.0219
240.0,0.0,25.5,24.6,133,26.4,110,0,240.0,0.2241,0.48576,0.03158,-0.15388,0.22461,0.05847
250.0,39.15,40.23,39.35,163,41.1,20,6,250.0,0.243,0.06408,0.0022,-0.01321,0.29411,0.12645
250.0,31.0,30.0,29.2,19,30.8,125,5,250.0,0.243,0.06408,0.0022,-0.01321,0.29411,0.12645
290.0,21.45,23.35,22.3,18,24.4,8,0,290.0,0.32653,-0.20325,0.00263,-0.01683,0.92934,-1.1217
290.0,0.0,51.38,49.85,31,52.9,3,0,290.0,0.32653,-0.20325,0.00263,-0.01683,0.92934,-1.1217
330.0,11.59,12.05,11.7,12,12.4,10,0,330.0,0.37912,-0.02807,0.00156,-0.0189,0.06999,-0.01394
330.0,0.0,79.9,79.15,23,80.65,33,0,330.0,0.37912,-0.02807,0.00156,-0.0189,0.06999,-0.01394
350.0,8.49,8.38,7.8,477,8.95,11,2,350.0,0.22089,0.30101,0.00479,-0.02826,1.14483,1.08024
350.0,0.0,97.3,96.65,27,97.95,66,0,350.0,0.22089,0.30101,0.00479,-0.02826,1.14483,1.08024
